title,company,location,salary,link
[Clova] Clova AI 인재,네이버,대한민국,,https://kr.indeed.com/%EC%B1%84%EC%9A%A9%EB%B3%B4%EA%B8%B0?jk=92bd400e3b5306ba
근로자(연구원),기상청,대한민국,,https://kr.indeed.com/%EC%B1%84%EC%9A%A9%EB%B3%B4%EA%B8%B0?jk=03801e6002dec8d0
[전문연구요원] 상시,네이버,대한민국,,https://kr.indeed.com/%EC%B1%84%EC%9A%A9%EB%B3%B4%EA%B8%B0?jk=b79c2ae536063b01
"C++, Python 외 경력 계약직, 프리랜서",노벨알엔디,성남 분당구,,https://kr.indeed.com/%EC%B1%84%EC%9A%A9%EB%B3%B4%EA%B8%B0?jk=80810d5606f32676
"데이터 분석 및 컨설팅 분야 (Python, SAS, 빅데이터-신입,경력)",한국정보기술단,서울 서초구,,https://kr.indeed.com/%EC%B1%84%EC%9A%A9%EB%B3%B4%EA%B8%B0?jk=518f85bf2e48adb9
[NAVERxLINE] Global Ad Data Engineer/AI Engineer/AI Planner,네이버,대한민국,,https://kr.indeed.com/%EC%B1%84%EC%9A%A9%EB%B3%B4%EA%B8%B0?jk=a358a39da5dfc360
2020년 제1회 국립과천과학관 전문임기제공무원 경력경쟁시험,국립과천과학관,과천 과천시,,https://kr.indeed.com/%EC%B1%84%EC%9A%A9%EB%B3%B4%EA%B8%B0?jk=0d96a27bba72d9fc
2020년도 국비교육생 대,고양여성인력개발센터,고양 일산서구,,https://kr.indeed.com/%EC%B1%84%EC%9A%A9%EB%B3%B4%EA%B8%B0?jk=9cbe75ae7c00e564
보훈대상자 인재 채용,네오위즈,대한민국,,https://kr.indeed.com/%EC%B1%84%EC%9A%A9%EB%B3%B4%EA%B8%B0?jk=dfcb86f156623e5c
데이터 분석가,카카오,성남 판교역,,https://kr.indeed.com/%EC%B1%84%EC%9A%A9%EB%B3%B4%EA%B8%B0?jk=092d062a6faa7139
"2020 상반기 HTML, PHP, 프론트엔드, Python 외 경력무관",메카솔루션,대구 달서구,,https://kr.indeed.com/%EC%B1%84%EC%9A%A9%EB%B3%B4%EA%B8%B0?jk=67561ed13f81b563
2019 Military Service Exemption Position Available at the IBS CMCM (Synthetic Organic/Polymer Chemistry OR Theoretical Study of Carbon and Related Materials),울산과학기술원,울산 언양읍,,https://kr.indeed.com/%EC%B1%84%EC%9A%A9%EB%B3%B4%EA%B8%B0?jk=8becbf73bbda7c96
[KSTEC] 2020년 신입 및 경력 (SW개발자),지식시스템,성남 분당구,,https://kr.indeed.com/%EC%B1%84%EC%9A%A9%EB%B3%B4%EA%B8%B0?jk=35e46106a40a2182
[동영상플랫폼] 연계형 인턴십,네이버,대한민국,,https://kr.indeed.com/%EC%B1%84%EC%9A%A9%EB%B3%B4%EA%B8%B0?jk=e65a195da656bcdc
분석지원팀 - 데이터 분석가,Nexon,성남 분당구,,https://kr.indeed.com/%EC%B1%84%EC%9A%A9%EB%B3%B4%EA%B8%B0?jk=4233609a843b5e96
[2020 Summer Internship] 데이터분석가,Electronic Arts,서울,,https://kr.indeed.com/%EC%B1%84%EC%9A%A9%EB%B3%B4%EA%B8%B0?jk=c3511a0bf869e5c5
Physical Implementation Engineer,SiFive,대한민국,,https://kr.indeed.com/%EC%B1%84%EC%9A%A9%EB%B3%B4%EA%B8%B0?jk=55537575b7dd8d87
(주)넷타겟 Bio-IT 융합 연구소 AI 연구원,넷타겟,대전 유성구,"연봉 60,000,000원 - 90,000,000원",https://kr.indeed.com/%EC%B1%84%EC%9A%A9%EB%B3%B4%EA%B8%B0?jk=1701b26651bb739a
기상레이더센터 연구원 및 전문연구요원,기상청,대한민국,,https://kr.indeed.com/%EC%B1%84%EC%9A%A9%EB%B3%B4%EA%B8%B0?jk=adc5f21e822bd765
MySQL Engineer,카카오,성남 판교역,,https://kr.indeed.com/%EC%B1%84%EC%9A%A9%EB%B3%B4%EA%B8%B0?jk=dd06066d79860614
[한국오라클] Data Center Technician (Engineer),한국오라클,강원도 춘천,,https://kr.indeed.com/%EC%B1%84%EC%9A%A9%EB%B3%B4%EA%B8%B0?jk=af4eba857169ba01
2020년 센서기반 디지털 사이니지 전문인력양성교육,전주정보문화산업진흥원,전라북도 고창,,https://kr.indeed.com/%EC%B1%84%EC%9A%A9%EB%B3%B4%EA%B8%B0?jk=13c162041149c4f7
Process & Data Scientist,Applied Materials Inc.,대한민국,,https://kr.indeed.com/%EC%B1%84%EC%9A%A9%EB%B3%B4%EA%B8%B0?jk=b87ff4aabad6e65e
[NHN Service] [판교]기술지원 경력,엔에이치엔서비스,성남 분당구,,https://kr.indeed.com/%EC%B1%84%EC%9A%A9%EB%B3%B4%EA%B8%B0?jk=24b5b0b56f65bece
(주)NDSOFT 2020년도 개발자,엔디소프트,부산 해운대구,,https://kr.indeed.com/%EC%B1%84%EC%9A%A9%EB%B3%B4%EA%B8%B0?jk=d82623a426bb8607
"안드로이드/IOS 앱/웹개발자, 앱/웹 디자이너 신입/경력 정규직",오퍼튜니티,제주 제주시,"연봉 21,550,000원 - 25,000,000원",https://kr.indeed.com/%EC%B1%84%EC%9A%A9%EB%B3%B4%EA%B8%B0?jk=2b9372dd785c38ea
[국비무료/해외취업] 일본 관광·서비스기업/독일 IT기업 취업연수생,전경련 국제경영원,서울 영등포구,,https://kr.indeed.com/%EC%B1%84%EC%9A%A9%EB%B3%B4%EA%B8%B0?jk=15a42e1f57cda077
동아대학교 미디어디바이스연구센터 S/W Engineer 연구원,동아대학교 산학협력단,부산 사하구,"연봉 24,000,000원 - 50,000,000원",https://kr.indeed.com/%EC%B1%84%EC%9A%A9%EB%B3%B4%EA%B8%B0?jk=ceeac0957eb083ab
데이터 분석 경력사원,GS ITM,서울 종로구,,https://kr.indeed.com/%EC%B1%84%EC%9A%A9%EB%B3%B4%EA%B8%B0?jk=fb74fb58c66fc88b
[Search] [Vision] Computer Vision Research / System Engineer 신입/경력사원,네이버,대한민국,,https://kr.indeed.com/%EC%B1%84%EC%9A%A9%EB%B3%B4%EA%B8%B0?jk=fe383fbe18dc32e1
Design for Test (DFT) Engineer,SiFive,대한민국,,https://kr.indeed.com/%EC%B1%84%EC%9A%A9%EB%B3%B4%EA%B8%B0?jk=6c6ccc05ec15dc41
"프로그래머 (WEB 프로그래밍, PHP, javascript, python)",씨더스,대전 중구,,https://kr.indeed.com/%EC%B1%84%EC%9A%A9%EB%B3%B4%EA%B8%B0?jk=6e86e9573ba0a69c
항공기상청 기간제 근로자(연구원),기상청,대한민국,,https://kr.indeed.com/%EC%B1%84%EC%9A%A9%EB%B3%B4%EA%B8%B0?jk=9801aef8aef28207
네이버 쇼핑검색플랫폼 개발자,네이버,대한민국,,https://kr.indeed.com/%EC%B1%84%EC%9A%A9%EB%B3%B4%EA%B8%B0?jk=f3a14b3f8d9e3e12
랩오투원 신입/경력 개발자,유한책임회사랩오투원,부산,,https://kr.indeed.com/%EC%B1%84%EC%9A%A9%EB%B3%B4%EA%B8%B0?jk=750977c97eeed4d5
MongoDB Engineer,카카오,성남 판교역,,https://kr.indeed.com/%EC%B1%84%EC%9A%A9%EB%B3%B4%EA%B8%B0?jk=2695294aea6dc3b6
APEC 기후센터 (전산통계 연구원),기상청,대한민국,,https://kr.indeed.com/%EC%B1%84%EC%9A%A9%EB%B3%B4%EA%B8%B0?jk=88c3cedc8998190f
[판교]기술지원,NHN Service] [판교,경기도,,https://kr.indeed.com/%EC%B1%84%EC%9A%A9%EB%B3%B4%EA%B8%B0?jk=466ed639df372448
광고팀 - 분석가,Nexon,성남 분당구,,https://kr.indeed.com/%EC%B1%84%EC%9A%A9%EB%B3%B4%EA%B8%B0?jk=3a08c7089343733d
AI/빅데이터 분야 (인재 Pool),LG유플러스,서울,,https://kr.indeed.com/%EC%B1%84%EC%9A%A9%EB%B3%B4%EA%B8%B0?jk=fb617eeb80ea6fa9
기후변화감시과 무기계약 근로자,기상청,대한민국,,https://kr.indeed.com/%EC%B1%84%EC%9A%A9%EB%B3%B4%EA%B8%B0?jk=df7d3760d7233bb6
[개발]Python 백엔드 개발자(정규직),위메프,대한민국,,https://kr.indeed.com/%EC%B1%84%EC%9A%A9%EB%B3%B4%EA%B8%B0?jk=a4946f6098077a45
추천 시스템 연구/개발,카카오,성남 판교역,,https://kr.indeed.com/%EC%B1%84%EC%9A%A9%EB%B3%B4%EA%B8%B0?jk=be6c1f03fa566f8e
스마트모니터링 시스템 개발원,KAN,울산 북구,,https://kr.indeed.com/%EC%B1%84%EC%9A%A9%EB%B3%B4%EA%B8%B0?jk=7a1bb5e91240c685
추천 시스템 소프트웨어 엔지니어,카카오,성남 판교역,,https://kr.indeed.com/%EC%B1%84%EC%9A%A9%EB%B3%B4%EA%B8%B0?jk=07375dc4e800dfa9
2020년 해외 석/박사 하계 인턴십,LG유플러스,서울,,https://kr.indeed.com/%EC%B1%84%EC%9A%A9%EB%B3%B4%EA%B8%B0?jk=e8e14693a870ec64
네이버 일본 맛집 서비스 CONOMI 머신러닝 개발자,네이버,대한민국,,https://kr.indeed.com/%EC%B1%84%EC%9A%A9%EB%B3%B4%EA%B8%B0?jk=feac8a234b715106
머신러닝/딥러닝,NHN,성남 판교역,,https://kr.indeed.com/%EC%B1%84%EC%9A%A9%EB%B3%B4%EA%B8%B0?jk=cd8ee27085e6a2ff
정보보안 담당자,Nexon,성남 분당구,,https://kr.indeed.com/%EC%B1%84%EC%9A%A9%EB%B3%B4%EA%B8%B0?jk=e1719c3044cb5bd1
Application Analyst,Hewlett Packard Enterprise,대전,,https://kr.indeed.com/%EC%B1%84%EC%9A%A9%EB%B3%B4%EA%B8%B0?jk=c3c0448a294b2db0
2020 Market Data Analyst - Seoul (Korean Speaker),Bloomberg,서울,,https://kr.indeed.com/%EC%B1%84%EC%9A%A9%EB%B3%B4%EA%B8%B0?jk=212ca67d161b7162
[경력] 빅데이터 플랫폼 엔지니어,카카오,성남 판교역,,https://kr.indeed.com/%EC%B1%84%EC%9A%A9%EB%B3%B4%EA%B8%B0?jk=61ecdc0ef3cfb66a
[Autonomous Driving] Virtual Environment Simulation Engineer,네이버,대한민국,,https://kr.indeed.com/%EC%B1%84%EC%9A%A9%EB%B3%B4%EA%B8%B0?jk=5ed0334bca0963cb
연구원(기간제 근로자),기상청,대한민국,,https://kr.indeed.com/%EC%B1%84%EC%9A%A9%EB%B3%B4%EA%B8%B0?jk=777228e9d501aaa4
Data Scientist,Boston Consulting Group,서울,,https://kr.indeed.com/%EC%B1%84%EC%9A%A9%EB%B3%B4%EA%B8%B0?jk=ce6747e77c861c46
추천 통계분석/데이터사이언티스트,카카오,성남 판교역,,https://kr.indeed.com/%EC%B1%84%EC%9A%A9%EB%B3%B4%EA%B8%B0?jk=bfe0f5ac4f32ec89
Data Science Engineer (LINE AI Services Lab),LINE Plus corporation,성남 서현역,,https://kr.indeed.com/%EC%B1%84%EC%9A%A9%EB%B3%B4%EA%B8%B0?jk=339f16c3c77753a7
백엔드 엔지니어 (e-커머스),리디,서울특별시,,https://kr.indeed.com/%EC%B1%84%EC%9A%A9%EB%B3%B4%EA%B8%B0?jk=fb3aedda32d2843b
[Robotics] Deep Reinforcement Learning Engineer,네이버,대한민국,,https://kr.indeed.com/%EC%B1%84%EC%9A%A9%EB%B3%B4%EA%B8%B0?jk=05d6f01f9a494a1b
Systems Engineer,Hewlett Packard Enterprise,대전,,https://kr.indeed.com/%EC%B1%84%EC%9A%A9%EB%B3%B4%EA%B8%B0?jk=6ed2963730d3c340
Developer / Designer recruit,마이뮤직테이스트,서울 논현동,,https://kr.indeed.com/%EC%B1%84%EC%9A%A9%EB%B3%B4%EA%B8%B0?jk=55a19c92c845685e
챗봇 플랫폼 개발자,카카오,성남 판교역,,https://kr.indeed.com/%EC%B1%84%EC%9A%A9%EB%B3%B4%EA%B8%B0?jk=20d40ee61adffeca
정산 및 재무서비스 개발자,Nexon,성남 분당구,,https://kr.indeed.com/%EC%B1%84%EC%9A%A9%EB%B3%B4%EA%B8%B0?jk=675a57bd6835fd89
Software Engineer,Google,서울,,https://kr.indeed.com/%EC%B1%84%EC%9A%A9%EB%B3%B4%EA%B8%B0?jk=d2df92c32bd4a203
카카오 네트워크 엔지니어,카카오,성남 판교역,,https://kr.indeed.com/%EC%B1%84%EC%9A%A9%EB%B3%B4%EA%B8%B0?jk=f281c810daf0e10d
카카오톡 보이스톡/페이스톡/라이브톡 개발자,카카오,성남 판교역,,https://kr.indeed.com/%EC%B1%84%EC%9A%A9%EB%B3%B4%EA%B8%B0?jk=d585814d097935eb
데이터 분석 및 지표 구축,아프리카TV,성남 분당구,,https://kr.indeed.com/%EC%B1%84%EC%9A%A9%EB%B3%B4%EA%B8%B0?jk=613678e409e8667c
데이터 분석 및 모델링 (페이코 쿠폰/광고 타겟팅),NHN,성남 판교역,,https://kr.indeed.com/%EC%B1%84%EC%9A%A9%EB%B3%B4%EA%B8%B0?jk=4e17fe419583b40b
AD 데이터 분석,LINE Plus corporation,성남 서현역,,https://kr.indeed.com/%EC%B1%84%EC%9A%A9%EB%B3%B4%EA%B8%B0?jk=c73ca1effb65d557
콘텐츠서비스개발팀 - 데이터분석가,Nexon,성남 분당구,,https://kr.indeed.com/%EC%B1%84%EC%9A%A9%EB%B3%B4%EA%B8%B0?jk=b35da47f5e84c9b4
PDC SW Engineer (R&D Extension),Applied Materials Inc.,경기도 화성,,https://kr.indeed.com/%EC%B1%84%EC%9A%A9%EB%B3%B4%EA%B8%B0?jk=bd47be8c217b1a6e
메시지발송 플랫폼 개발자,Nexon,성남 분당구,,https://kr.indeed.com/%EC%B1%84%EC%9A%A9%EB%B3%B4%EA%B8%B0?jk=eaee1538d8cc832f
소프트웨어 엔지니어,Nexon,성남 분당구,,https://kr.indeed.com/%EC%B1%84%EC%9A%A9%EB%B3%B4%EA%B8%B0?jk=e9332c9aa21fc59c
Data Analyst,Axiologic Solutions,서울,,https://kr.indeed.com/%EC%B1%84%EC%9A%A9%EB%B3%B4%EA%B8%B0?jk=eb45c08f4c4a43d8
"데이터 가치 함께 발굴하실 머신러닝, 통계 모델링 전문가",카카오,성남 판교역,,https://kr.indeed.com/%EC%B1%84%EC%9A%A9%EB%B3%B4%EA%B8%B0?jk=d1e75364ef505c68
네트워크 보안,NHN,성남 판교역,,https://kr.indeed.com/%EC%B1%84%EC%9A%A9%EB%B3%B4%EA%B8%B0?jk=8e2147693973f86d
분석실 - 베이지안 분석 전문가,Nexon,성남 분당구,,https://kr.indeed.com/%EC%B1%84%EC%9A%A9%EB%B3%B4%EA%B8%B0?jk=19b44e0d17d112e2
데이터 사이언티스트 지향하는 데이터 엔지니어,카카오,성남 판교역,,https://kr.indeed.com/%EC%B1%84%EC%9A%A9%EB%B3%B4%EA%B8%B0?jk=385c58c7ced1d77b
매칭팀 - 데이터분석가,Nexon,성남 분당구,,https://kr.indeed.com/%EC%B1%84%EC%9A%A9%EB%B3%B4%EA%B8%B0?jk=48090bdf1303bd76
"Computer Vision Engineer, Perception – Autonomous Vehicles",NVIDIA,서울,,https://kr.indeed.com/%EC%B1%84%EC%9A%A9%EB%B3%B4%EA%B8%B0?jk=f775c2b405edea87
데이터 엔지니어,리디,서울특별시,,https://kr.indeed.com/%EC%B1%84%EC%9A%A9%EB%B3%B4%EA%B8%B0?jk=1937ebb0ea172f08
"Python, PHP 외 경력 정규직",드래곤에이치알,서울 강서구,,https://kr.indeed.com/%EC%B1%84%EC%9A%A9%EB%B3%B4%EA%B8%B0?jk=199189698f0d215c
데이터 사이언스 전문가 및 머신러닝 전문가,카카오,성남 판교역,,https://kr.indeed.com/%EC%B1%84%EC%9A%A9%EB%B3%B4%EA%B8%B0?jk=85929aac498299cc
2020 전문연구요원 공개 채용,넷마블,서울 구로구,,https://kr.indeed.com/%EC%B1%84%EC%9A%A9%EB%B3%B4%EA%B8%B0?jk=b1c8dcf6b4990bbd
[멜론] 빅데이터 서비스 개발자,카카오,성남 판교역,,https://kr.indeed.com/%EC%B1%84%EC%9A%A9%EB%B3%B4%EA%B8%B0?jk=3e2a310c9dd0f693
시스템 엔지니어링,NHN,성남 판교역,,https://kr.indeed.com/%EC%B1%84%EC%9A%A9%EB%B3%B4%EA%B8%B0?jk=2c0226e483779522
Support Engineer,Microsoft,서울,,https://kr.indeed.com/%EC%B1%84%EC%9A%A9%EB%B3%B4%EA%B8%B0?jk=0bbf23c0930be392
[KSTEC] RPA 시스템 개발 경력사원,지식시스템,성남 분당구,,https://kr.indeed.com/%EC%B1%84%EC%9A%A9%EB%B3%B4%EA%B8%B0?jk=cbad561994e47d94
데스크탑 가상화(VDI) 엔지니어,카카오,성남 판교역,,https://kr.indeed.com/%EC%B1%84%EC%9A%A9%EB%B3%B4%EA%B8%B0?jk=530a598184580c95
외국계 IT장비지원하는 분,퀀텀솔루션,성남 분당구,"연봉 25,000,000원 - 40,000,000원",https://kr.indeed.com/%EC%B1%84%EC%9A%A9%EB%B3%B4%EA%B8%B0?jk=257986b1208d3042
[피파온라인4] 테크니컬 아티스트,Electronic Arts,서울,,https://kr.indeed.com/%EC%B1%84%EC%9A%A9%EB%B3%B4%EA%B8%B0?jk=0bce5c7e8c1e521d
MPK / MPI-SD Joint Postdoctoral Position for Ultrafast Nonlinear Spectroscopy in Solids (Theory),POSTECH / Max Planck POSTECH/KOREA Res. Init.,대한민국,,https://kr.indeed.com/%EC%B1%84%EC%9A%A9%EB%B3%B4%EA%B8%B0?jk=e11bc11a4d72cc54
신한AI 인공지능(AI) / IT 개발관리 / 준법감시 인력,신한에이아이,서울 영등포구,,https://kr.indeed.com/%EC%B1%84%EC%9A%A9%EB%B3%B4%EA%B8%B0?jk=e7c6a0167c5bbbf4
BI 운영 그룹 주력계열사,그룹 주력계열사,서울특별시,,https://kr.indeed.com/%EC%B1%84%EC%9A%A9%EB%B3%B4%EA%B8%B0?jk=e5098c47e3662580
청주기상지청 연구원(기간제 근로자),기상청,대한민국,,https://kr.indeed.com/%EC%B1%84%EC%9A%A9%EB%B3%B4%EA%B8%B0?jk=0bb6ea3353ad59dc
PC플랫폼 운영을 담당할 를 합니다.,Nexon,성남 분당구,,https://kr.indeed.com/%EC%B1%84%EC%9A%A9%EB%B3%B4%EA%B8%B0?jk=28cde36427979564
[지능시스템연구소] SLAM 인턴 모집,성균관대학교,서울,,https://kr.indeed.com/%EC%B1%84%EC%9A%A9%EB%B3%B4%EA%B8%B0?jk=764eae0431199fe9
Technical Leader - OPC,Siemens AG,경기도 성남,,https://kr.indeed.com/%EC%B1%84%EC%9A%A9%EB%B3%B4%EA%B8%B0?jk=2cfcbfbe70232dbc
[Data Lab] 빅데이터 활용 개발 경력사원,네이버,대한민국,,https://kr.indeed.com/%EC%B1%84%EC%9A%A9%EB%B3%B4%EA%B8%B0?jk=a23938a1b6969c37
Data Engineer (Analytics/Anomaly-detection),LINE Plus corporation,성남 서현역,,https://kr.indeed.com/%EC%B1%84%EC%9A%A9%EB%B3%B4%EA%B8%B0?jk=4fbc49b63296ff88
유저프로파일팀 - 데이터 모델러,Nexon,성남 분당구,,https://kr.indeed.com/%EC%B1%84%EC%9A%A9%EB%B3%B4%EA%B8%B0?jk=8dfc9993e2aa9160
Data Engineer,고도소프트,서울 구로구,,https://kr.indeed.com/%EC%B1%84%EC%9A%A9%EB%B3%B4%EA%B8%B0?jk=68ee194a9d487aac
2018년도 기후변화감시과 공무직 근로자(연구보조원) 장애인 특별,기상청,대한민국,,https://kr.indeed.com/%EC%B1%84%EC%9A%A9%EB%B3%B4%EA%B8%B0?jk=5e857eb63bf90bea
[Clova] Clova 챗봇 Platform 개발 신입/경력사원,네이버,대한민국,,https://kr.indeed.com/%EC%B1%84%EC%9A%A9%EB%B3%B4%EA%B8%B0?jk=b2cfcc7d4b79c216
GNI 소프트웨어 개발자,KAN,울산 북구,,https://kr.indeed.com/%EC%B1%84%EC%9A%A9%EB%B3%B4%EA%B8%B0?jk=b2ebc1da56d8b120
데이터 분석 직군 모집,넷마블,서울 구로구,,https://kr.indeed.com/%EC%B1%84%EC%9A%A9%EB%B3%B4%EA%B8%B0?jk=1c4f1c0b625f5abd
백엔드 개발자 경력 (대전),유펜솔루션,대전 유성구,,https://kr.indeed.com/%EC%B1%84%EC%9A%A9%EB%B3%B4%EA%B8%B0?jk=b964a03867237f11
Solutions Architect,Cloudera,대한민국,,https://kr.indeed.com/%EC%B1%84%EC%9A%A9%EB%B3%B4%EA%B8%B0?jk=a459013391a3d600
Linux/Python/PHP/MySQL/백엔드 정규직 경력,일루미나리안,용인 보정동,,https://kr.indeed.com/%EC%B1%84%EC%9A%A9%EB%B3%B4%EA%B8%B0?jk=04d685fc70b67d4e
사내 시스템 (O365) 구축/관리 엔지니어,Nexon,성남 분당구,,https://kr.indeed.com/%EC%B1%84%EC%9A%A9%EB%B3%B4%EA%B8%B0?jk=b4bd6d5bad3b761c
기술 인턴 인공지능 응용 연구/개발 인턴,써로마인드로보틱스,서울 관악구,,https://kr.indeed.com/%EC%B1%84%EC%9A%A9%EB%B3%B4%EA%B8%B0?jk=71c47ac87bb4087e
"금융 데이터 분석 엔진, 로보어드바이저 개발자",에스비씨엔,서울 영등포구,,https://kr.indeed.com/%EC%B1%84%EC%9A%A9%EB%B3%B4%EA%B8%B0?jk=649ccf047c868778
[개발]신사업 프론트 개발자(정규직),위메프,대한민국,,https://kr.indeed.com/%EC%B1%84%EC%9A%A9%EB%B3%B4%EA%B8%B0?jk=57aa1b90d7626f69
웹개발/ 앱개발자 정규직,위고컴퍼니,서울 구로구,"연봉 40,000,000원 - 50,000,000원",https://kr.indeed.com/%EC%B1%84%EC%9A%A9%EB%B3%B4%EA%B8%B0?jk=fcbb91a8842ea759
[삼성청년SW아카데미] 프로젝트 컨설턴트 (멀티캠퍼스),멀티캠퍼스,경상북도 구미,,https://kr.indeed.com/%EC%B1%84%EC%9A%A9%EB%B3%B4%EA%B8%B0?jk=1a642e02295c816d
Lead Product Engineer - Liberate,Cadence Design Systems,경기도,,https://kr.indeed.com/%EC%B1%84%EC%9A%A9%EB%B3%B4%EA%B8%B0?jk=ffac42e32db26233
AD Performance Dev,LINE Plus corporation,성남 서현역,,https://kr.indeed.com/%EC%B1%84%EC%9A%A9%EB%B3%B4%EA%B8%B0?jk=cef60a5a4a42fe95
모빌리티 자율주행 솔루션 실무과정 국비교육(4차산업인력양성),연희직업전문학교,인천 서구,,https://kr.indeed.com/%EC%B1%84%EC%9A%A9%EB%B3%B4%EA%B8%B0?jk=acbcd598c4efddaf
데이터 플랫폼 개발,NHN PAYCO,성남 판교역,,https://kr.indeed.com/%EC%B1%84%EC%9A%A9%EB%B3%B4%EA%B8%B0?jk=a65baa1929f29393
주요정보통신기반시설 취약점분석평가 전문인력(경력),한국정보기술단,과천 과천시,,https://kr.indeed.com/%EC%B1%84%EC%9A%A9%EB%B3%B4%EA%B8%B0?jk=555a7a6146c2d0fb
[개발]위메프 패션 백엔드 개발자(정규직),위메프,대한민국,,https://kr.indeed.com/%EC%B1%84%EC%9A%A9%EB%B3%B4%EA%B8%B0?jk=b0e9252f0c2cf6ec
2018년도 국가기상위성센터 공무직근로자(연구원) (전문연구요원 포함),기상청,대한민국,,https://kr.indeed.com/%EC%B1%84%EC%9A%A9%EB%B3%B4%EA%B8%B0?jk=8bbea4b70a2422ae
[Search] NAVER Search 이미지 검색서버개발 신입/경력사원,네이버,대한민국,,https://kr.indeed.com/%EC%B1%84%EC%9A%A9%EB%B3%B4%EA%B8%B0?jk=a771637c0eeffc26
[해외취업] AI 엔지니어,株式会社ASCOM,대한민국,,https://kr.indeed.com/%EC%B1%84%EC%9A%A9%EB%B3%B4%EA%B8%B0?jk=67a92be234325f85
소프트웨어 그룹 유망계열사,그룹 유망계열사,경기도,,https://kr.indeed.com/%EC%B1%84%EC%9A%A9%EB%B3%B4%EA%B8%B0?jk=8e7e6dd1929ae8ab
Product Test Engineer - GPU,NVIDIA,서울,,https://kr.indeed.com/%EC%B1%84%EC%9A%A9%EB%B3%B4%EA%B8%B0?jk=48ca423ba9cc3be4
[에이치랩] 웹 개발자(Back-end),에이치랩,서울 마포구,"연봉 28,000,000원 - 36,000,000원",https://kr.indeed.com/%EC%B1%84%EC%9A%A9%EB%B3%B4%EA%B8%B0?jk=7f0f05a7cbb72be3
[개발]위메프오 서비스 서버개발자(정규직),위메프,대한민국,,https://kr.indeed.com/%EC%B1%84%EC%9A%A9%EB%B3%B4%EA%B8%B0?jk=5f3a399e83a81379
AI 기반 로봇 서비스 개발 그룹 IT 인프라 구축,그룹 IT 인프라 구축,서울특별시,,https://kr.indeed.com/%EC%B1%84%EC%9A%A9%EB%B3%B4%EA%B8%B0?jk=d9086035792f01d0
데이터 인프라 담당자 (경력),카카오,성남 판교역,,https://kr.indeed.com/%EC%B1%84%EC%9A%A9%EB%B3%B4%EA%B8%B0?jk=8a5c305f2e5018ed
AI 연구/개발 직군 모집,넷마블,서울 구로구,,https://kr.indeed.com/%EC%B1%84%EC%9A%A9%EB%B3%B4%EA%B8%B0?jk=481f953ccaa4bc96
삼성 청년SW아카데미 4기,멀티캠퍼스,서울,,https://kr.indeed.com/%EC%B1%84%EC%9A%A9%EB%B3%B4%EA%B8%B0?jk=f179ae9ce0b642be
"(주)트윔 개발자(경력직) 빅데이터,영상처리,머신비전/AI 딥러닝",트윔,경기도 화성,,https://kr.indeed.com/%EC%B1%84%EC%9A%A9%EB%B3%B4%EA%B8%B0?jk=36a2af333271978e
퀀트운용팀 (사원-대리급),신한비엔피파리바자산운용,대한민국,,https://kr.indeed.com/%EC%B1%84%EC%9A%A9%EB%B3%B4%EA%B8%B0?jk=9040dba1c8db2a5d
[KSTEC] 통계/Analytics 경력사원,지식시스템,성남 분당구,,https://kr.indeed.com/%EC%B1%84%EC%9A%A9%EB%B3%B4%EA%B8%B0?jk=7cd74a7dccdd9077
[해외취업] AI/BI 엔지니어,유아솔류션즈,대한민국,,https://kr.indeed.com/%EC%B1%84%EC%9A%A9%EB%B3%B4%EA%B8%B0?jk=e286e08d5582feb3
"[해외취업] 베리텍, 시스템개발자/응용프로그래머",에임하이글로벌,대한민국,"연봉 32,510,000원 - 65,030,000원",https://kr.indeed.com/%EC%B1%84%EC%9A%A9%EB%B3%B4%EA%B8%B0?jk=ad1bf1198b168944
웹/앱 개발자 (경력),빌리콘,수원 장안구,,https://kr.indeed.com/%EC%B1%84%EC%9A%A9%EB%B3%B4%EA%B8%B0?jk=0e17190c66936750
[해외취업] S글로벌 디지털컨설팅 법인 소프트웨어 개발자 - 전세계 27개 법인보유,아이씨엔그룹,대한민국,"연봉 29,000,000원 - 58,000,000원",https://kr.indeed.com/%EC%B1%84%EC%9A%A9%EB%B3%B4%EA%B8%B0?jk=6314fdeb26eb249f
RTL 및 ASIC 설계 엔지니어(딥러닝 하드웨어 프로세서 개발),딥엑스,성남 분당구,"연봉 40,000,000원 - 99,990,000원",https://kr.indeed.com/%EC%B1%84%EC%9A%A9%EB%B3%B4%EA%B8%B0?jk=1d08b973eadc35b8
Data Specialist (Scientist&&Engineer),아우름플래닛,서울 마포구,,https://kr.indeed.com/%EC%B1%84%EC%9A%A9%EB%B3%B4%EA%B8%B0?jk=dd4d8e59a4a9265d
기술연구소-연구원,뷰온,서울 금천구,,https://kr.indeed.com/%EC%B1%84%EC%9A%A9%EB%B3%B4%EA%B8%B0?jk=cd826811aa0f2ab5
무료교육 자율주행SW 개발전문가 교육생,한컴아카데미,성남 분당구,,https://kr.indeed.com/%EC%B1%84%EC%9A%A9%EB%B3%B4%EA%B8%B0?jk=87ffcc00c445cbba
Data Analyst,레이니스트,서울,,https://kr.indeed.com/%EC%B1%84%EC%9A%A9%EB%B3%B4%EA%B8%B0?jk=e5ca14de265f7fc9
Front end 개발자,브릭,성남 분당구,"연봉 28,000,000원",https://kr.indeed.com/%EC%B1%84%EC%9A%A9%EB%B3%B4%EA%B8%B0?jk=cac18e6bcbee5a21
Quant 트레이딩 부문,벨에포크자산운용,대한민국,,https://kr.indeed.com/%EC%B1%84%EC%9A%A9%EB%B3%B4%EA%B8%B0?jk=3e617a8ed7934773
동대문구 국비 무료 훈련생,동대문여성인력개발센터,서울 동대문구,,https://kr.indeed.com/%EC%B1%84%EC%9A%A9%EB%B3%B4%EA%B8%B0?jk=2f64e12e457da027
Global Payment 데이터 분석,LINE Plus corporation,성남 판교역,,https://kr.indeed.com/%EC%B1%84%EC%9A%A9%EB%B3%B4%EA%B8%B0?jk=498cbbf909edbab6
[해외취업] 【AI・RPAエンジニア】経験半年の方も歓迎 10ヵ国の技術者が在籍,株式会社リープ,대한민국,,https://kr.indeed.com/%EC%B1%84%EC%9A%A9%EB%B3%B4%EA%B8%B0?jk=29e3b5646b869f60
[Autonomous Driving] Software Tool Engineer,네이버,대한민국,,https://kr.indeed.com/%EC%B1%84%EC%9A%A9%EB%B3%B4%EA%B8%B0?jk=84348b9371558933
[Robotics] Robot Software Engineer,네이버,대한민국,,https://kr.indeed.com/%EC%B1%84%EC%9A%A9%EB%B3%B4%EA%B8%B0?jk=2531a0c578f5ca30
챗봇 서비스 - DM 및 시나리오 개발자,에스케이플래닛,성남 분당구,,https://kr.indeed.com/%EC%B1%84%EC%9A%A9%EB%B3%B4%EA%B8%B0?jk=c62caccf8ea03640
"2019년도 제1회 국가기상위성센터 공무직근로자(연구원, 전문연구요원) 공개경쟁",기상청,대한민국,,https://kr.indeed.com/%EC%B1%84%EC%9A%A9%EB%B3%B4%EA%B8%B0?jk=c470c687732c780e
연구개발 및 자동화 부문 경력직 (음향연구/기구연구/회로연구/자동화),크레신,서울 서초구,,https://kr.indeed.com/%EC%B1%84%EC%9A%A9%EB%B3%B4%EA%B8%B0?jk=7db8c1bbed90ff8f
네트워크 자동화 개발자,Nexon,성남 분당구,,https://kr.indeed.com/%EC%B1%84%EC%9A%A9%EB%B3%B4%EA%B8%B0?jk=5ff17b27cd83a1c0
DB 엔지니어 모집(DBA),넷마블,서울 구로구,,https://kr.indeed.com/%EC%B1%84%EC%9A%A9%EB%B3%B4%EA%B8%B0?jk=613223ed43a69d4f
Back-end Engineer (Python),Soomgo,서울 강남구,,https://kr.indeed.com/%EC%B1%84%EC%9A%A9%EB%B3%B4%EA%B8%B0?jk=752a4b5d63eac97c
데이터연동개발팀 - 데이터엔지니어,Nexon,성남 분당구,,https://kr.indeed.com/%EC%B1%84%EC%9A%A9%EB%B3%B4%EA%B8%B0?jk=5b8d56d7f11903a2
데이터분석가(게임어뷰징 탐지),Nexon,성남 분당구,,https://kr.indeed.com/%EC%B1%84%EC%9A%A9%EB%B3%B4%EA%B8%B0?jk=ea3b136c0ff59524
"유니챌 SW 개발자 (C/C++, Python, Linux)",유니챌,서울 금천구,,https://kr.indeed.com/%EC%B1%84%EC%9A%A9%EB%B3%B4%EA%B8%B0?jk=dfe05f5ca369a262
[인재풀] 아티스트,Electronic Arts,서울,,https://kr.indeed.com/%EC%B1%84%EC%9A%A9%EB%B3%B4%EA%B8%B0?jk=aac8e9355cb855ac
인프라보안 직군 모집,넷마블,서울 구로구,,https://kr.indeed.com/%EC%B1%84%EC%9A%A9%EB%B3%B4%EA%B8%B0?jk=f8fceff441e23ad6
Junior Quant Trader,Byzantine Partners,서울,,https://kr.indeed.com/%EC%B1%84%EC%9A%A9%EB%B3%B4%EA%B8%B0?jk=25725b3c0e607311
빅데이터 플랫폼 및 BI시스템 구축 그룹 IT계열사,그룹 IT계열사,서울특별시,,https://kr.indeed.com/%EC%B1%84%EC%9A%A9%EB%B3%B4%EA%B8%B0?jk=c1936b77c8be4bcf
웹프론트엔드 개발자,Nexon,성남 분당구,,https://kr.indeed.com/%EC%B1%84%EC%9A%A9%EB%B3%B4%EA%B8%B0?jk=f4a5057bd3043129
글로벌&모바일 플랫폼 운영을 담당할 를 합니다.,Nexon,성남 분당구,,https://kr.indeed.com/%EC%B1%84%EC%9A%A9%EB%B3%B4%EA%B8%B0?jk=281fb1cb3dff0cf8
[Clova] Clova 서비스 서버 개발 경력사원,네이버,대한민국,,https://kr.indeed.com/%EC%B1%84%EC%9A%A9%EB%B3%B4%EA%B8%B0?jk=3d99c00c986d2c57
Research Engineer - Machine Learning,AITRICS,서울,,https://kr.indeed.com/%EC%B1%84%EC%9A%A9%EB%B3%B4%EA%B8%B0?jk=05ce3c7d5c6c368c
[개발]Data Scientist (정규직),위메프,대한민국,,https://kr.indeed.com/%EC%B1%84%EC%9A%A9%EB%B3%B4%EA%B8%B0?jk=ae63a69b12752674
경험최적화파트 - 데이터 사이언티스트/분석가,Nexon,성남 분당구,,https://kr.indeed.com/%EC%B1%84%EC%9A%A9%EB%B3%B4%EA%B8%B0?jk=c6e0b428a62c7eaa
게임이상탐지팀 서비스 개발자,Nexon,성남 분당구,,https://kr.indeed.com/%EC%B1%84%EC%9A%A9%EB%B3%B4%EA%B8%B0?jk=e787fde04b998e1a
[Clova] Clova AI AiCall 개발자 경력사원,네이버,대한민국,,https://kr.indeed.com/%EC%B1%84%EC%9A%A9%EB%B3%B4%EA%B8%B0?jk=7db25ada717266e0
빅데이터 플랫폼 운영 (HBase엔지니어),LINE Plus corporation,성남 서현역,,https://kr.indeed.com/%EC%B1%84%EC%9A%A9%EB%B3%B4%EA%B8%B0?jk=d67619b2f9558d16
자동차 전장부품 모션제어 경력인재- 자동차부품 우량대기업,에스에프인촌,서울 강남구,,https://kr.indeed.com/%EC%B1%84%EC%9A%A9%EB%B3%B4%EA%B8%B0?jk=0956456d69151a8d
2020년 개발자/경영지원,심시스글로벌,서울 서초구,,https://kr.indeed.com/%EC%B1%84%EC%9A%A9%EB%B3%B4%EA%B8%B0?jk=69bcbac49023acae
자연어처리전문가 금융챗봇 만들어 갈 엔지니어,파운트,서울 충정로역,,https://kr.indeed.com/%EC%B1%84%EC%9A%A9%EB%B3%B4%EA%B8%B0?jk=a50fce6cc2cb57c9
Data Analyst,토스,서울 강남구,,https://kr.indeed.com/%EC%B1%84%EC%9A%A9%EB%B3%B4%EA%B8%B0?jk=e393fa440b668be7
Cross Border Ecommerce - Business Intelligence (Based in Seoul),Shopee,서울,,https://kr.indeed.com/%EC%B1%84%EC%9A%A9%EB%B3%B4%EA%B8%B0?jk=b574f1454ae36aab
HTA Excellence Manager,Roche,서울,,https://kr.indeed.com/%EC%B1%84%EC%9A%A9%EB%B3%B4%EA%B8%B0?jk=941509b301ffd89e
"UI/UX개발/고객행동분석 (Python, GA, Database)",온누리아이코리아,서울 용산구,,https://kr.indeed.com/%EC%B1%84%EC%9A%A9%EB%B3%B4%EA%B8%B0?jk=b1a416d3180ab6a7
자바 웹서비스 개발자,후이즈시스템,서울 구로동,"연봉 24,000,000원",https://kr.indeed.com/%EC%B1%84%EC%9A%A9%EB%B3%B4%EA%B8%B0?jk=4fba34fc6b1f494d
Support Engineer _ Devices & IoT,Microsoft,서울,,https://kr.indeed.com/%EC%B1%84%EC%9A%A9%EB%B3%B4%EA%B8%B0?jk=7af1798e214d4067
클라우드 인프라 운영 담당자 모집,넷마블,서울 구로구,,https://kr.indeed.com/%EC%B1%84%EC%9A%A9%EB%B3%B4%EA%B8%B0?jk=bcd2f0630e298aa3
Product Intelligence Product Manager(Azar),하이퍼커넥트,서울,,https://kr.indeed.com/%EC%B1%84%EC%9A%A9%EB%B3%B4%EA%B8%B0?jk=41cde1a35365547f
Robot SW Engineer 그룹 IT인프라 구축,그룹 IT인프라 구축,서울특별시,,https://kr.indeed.com/%EC%B1%84%EC%9A%A9%EB%B3%B4%EA%B8%B0?jk=7c7f6f9c070d78bd
Data Scientist,토스,서울 강남구,,https://kr.indeed.com/%EC%B1%84%EC%9A%A9%EB%B3%B4%EA%B8%B0?jk=f5f5f902d240ac96
[프론트엔드 개발자] 임팩트스테이션 (5/13 까지),임팩트스테이션,서울 서대문구,"연봉 30,000,000원 - 35,000,000원",https://kr.indeed.com/%EC%B1%84%EC%9A%A9%EB%B3%B4%EA%B8%B0?jk=79feba37101261cc
Senior Technical Consultant,MathWorks,서울,,https://kr.indeed.com/%EC%B1%84%EC%9A%A9%EB%B3%B4%EA%B8%B0?jk=22a5590c81649937
DBA,비바리퍼블리카,서울 강남구,,https://kr.indeed.com/%EC%B1%84%EC%9A%A9%EB%B3%B4%EA%B8%B0?jk=365492ccc6c108f3
웹 애플리케이션 개발자,Nexon,성남 분당구,,https://kr.indeed.com/%EC%B1%84%EC%9A%A9%EB%B3%B4%EA%B8%B0?jk=c78a3c5d7bb7d883
Developers,Coinplug,경기도 성남,,https://kr.indeed.com/%EC%B1%84%EC%9A%A9%EB%B3%B4%EA%B8%B0?jk=9a9e91ae6092ed2d
인프라 플랫폼 개발자,고도소프트,서울 구로구,,https://kr.indeed.com/%EC%B1%84%EC%9A%A9%EB%B3%B4%EA%B8%B0?jk=2b1c5b35b97700fc
"카카오콘 앱(iOS), 서버 경력 개발자",카카오,대한민국,,https://kr.indeed.com/%EC%B1%84%EC%9A%A9%EB%B3%B4%EA%B8%B0?jk=b9974ad79659bb6d
"MVP 개발 엔지니어(서버, 웹프론트) (정규직, 계약직, 프리랜서)",더테스터,대전 중구,,https://kr.indeed.com/%EC%B1%84%EC%9A%A9%EB%B3%B4%EA%B8%B0?jk=1748baa27965fdbf
Mechanical BOP 그룹 유망계열사,그룹 유망계열사,경기도,,https://kr.indeed.com/%EC%B1%84%EC%9A%A9%EB%B3%B4%EA%B8%B0?jk=ed01bcce65f5abd3
Staff RF Production Test Engineer,Qualcomm,서울,,https://kr.indeed.com/%EC%B1%84%EC%9A%A9%EB%B3%B4%EA%B8%B0?jk=b085b3c302873fcc
모바일 보안,NHN,성남 판교역,,https://kr.indeed.com/%EC%B1%84%EC%9A%A9%EB%B3%B4%EA%B8%B0?jk=fa32e47d04a9f932
데이터 분석가(팀원급),리디,서울,,https://kr.indeed.com/%EC%B1%84%EC%9A%A9%EB%B3%B4%EA%B8%B0?jk=a03fdcac1dffb97a
[해외취업] Senior Back-End Developer,LILI SG,대한민국,"연봉 60,000,000원 - 100,000,000원",https://kr.indeed.com/%EC%B1%84%EC%9A%A9%EB%B3%B4%EA%B8%B0?jk=6219c67701d6d524
"유니챌 SW 개발자 (JavaScript, React Native, Python)",유니챌,서울 금천구,,https://kr.indeed.com/%EC%B1%84%EC%9A%A9%EB%B3%B4%EA%B8%B0?jk=96a87e4193c82cc1
[해외취업] IT엔지니어,유아솔류션즈,대한민국,"연봉 21,000,000원 - 22,000,000원",https://kr.indeed.com/%EC%B1%84%EC%9A%A9%EB%B3%B4%EA%B8%B0?jk=fd0e5f5aa2592df1
"Applications Engineer, Staff",Synopsys,서울,,https://kr.indeed.com/%EC%B1%84%EC%9A%A9%EB%B3%B4%EA%B8%B0?jk=9c8217b043a1c66f
Data Scientist,하이퍼커넥트,서울,,https://kr.indeed.com/%EC%B1%84%EC%9A%A9%EB%B3%B4%EA%B8%B0?jk=5bc622575fee61b8
[ 2020 YG ENTERTAINMENT ] 정보관리 경력 (IT시스템 개발) - 접수일 연장,YG 엔터테인먼트,서울 합정동,,https://kr.indeed.com/%EC%B1%84%EC%9A%A9%EB%B3%B4%EA%B8%B0?jk=dab3f72b35f4bc7e
[해외취업] 캘리포니아 주에 위치한 모바일 액세서리 기업 #S사 Back-End Developer 인턴,IGEWORLD,대한민국,"연봉 30,670,000원",https://kr.indeed.com/%EC%B1%84%EC%9A%A9%EB%B3%B4%EA%B8%B0?jk=a6716c0e2f2a3e37
Software Engineer,Nexon,성남 분당구,,https://kr.indeed.com/%EC%B1%84%EC%9A%A9%EB%B3%B4%EA%B8%B0?jk=49335253c9d14ed4
신규 글로벌 Entertainment 서비스 API 서버 개발,LINE Plus corporation,성남 정자역,,https://kr.indeed.com/%EC%B1%84%EC%9A%A9%EB%B3%B4%EA%B8%B0?jk=9b44934f71fd85f6
검색개발,NHN,성남 판교역,,https://kr.indeed.com/%EC%B1%84%EC%9A%A9%EB%B3%B4%EA%B8%B0?jk=71e0b966bf1531df
2018년 제2차 기상레이더센터 연구원(장애인) 특별,기상청,대한민국,,https://kr.indeed.com/%EC%B1%84%EC%9A%A9%EB%B3%B4%EA%B8%B0?jk=0eae6994662ce684
Business Data Analyst,Soomgo,서울 강남구,,https://kr.indeed.com/%EC%B1%84%EC%9A%A9%EB%B3%B4%EA%B8%B0?jk=166aa0c72e94a266
"프론트엔드, 백엔드 외 경력개발자 정규직",디노플러스,서울 강남구,"연봉 40,000,000원 - 60,000,000원",https://kr.indeed.com/%EC%B1%84%EC%9A%A9%EB%B3%B4%EA%B8%B0?jk=af4a53fe0b63fce7
2018년도 국가기상위성센터 공무직근로자(연구원),기상청,대한민국,,https://kr.indeed.com/%EC%B1%84%EC%9A%A9%EB%B3%B4%EA%B8%B0?jk=ab02b66cd8e6afe1
[Search] 음악 추천 AI 기술 개발 신입/경력사원,네이버,대한민국,,https://kr.indeed.com/%EC%B1%84%EC%9A%A9%EB%B3%B4%EA%B8%B0?jk=6e76f9151e44ad64
Data & AI Technical Specialist,IBM,서울,,https://kr.indeed.com/%EC%B1%84%EC%9A%A9%EB%B3%B4%EA%B8%B0?jk=9437c9fdc6462773
ERP 담당자 모집,넷마블,서울 구로구,,https://kr.indeed.com/%EC%B1%84%EC%9A%A9%EB%B3%B4%EA%B8%B0?jk=68875cf86f31569e
얼굴모션 캡처기술 인공지능(AI) 연구개발 전문기업,인공지능(AI) 연구개발 전문기업,경기도,,https://kr.indeed.com/%EC%B1%84%EC%9A%A9%EB%B3%B4%EA%B8%B0?jk=4fa50f2ffd370bae
바디모션 캡처기술 인공지능(AI) 연구개발 전문기업,인공지능(AI) 연구개발 전문기업,경기도,,https://kr.indeed.com/%EC%B1%84%EC%9A%A9%EB%B3%B4%EA%B8%B0?jk=8925ce6bab9d00d6
"프로그래머 _딥러닝,텐서플로우,웹프로그램,응용프로그램",웹플래너,서울 용산구,"연봉 26,000,000원 - 28,000,000원",https://kr.indeed.com/%EC%B1%84%EC%9A%A9%EB%B3%B4%EA%B8%B0?jk=af83a22a7360762e
기상청 영향예보추진팀 공무직 근로자,기상청,대한민국,,https://kr.indeed.com/%EC%B1%84%EC%9A%A9%EB%B3%B4%EA%B8%B0?jk=b32944e81c929e0f
Support Engineer _ Azure PaaS,Microsoft,서울,,https://kr.indeed.com/%EC%B1%84%EC%9A%A9%EB%B3%B4%EA%B8%B0?jk=01bc879744c28f9c
Machine Learning Researcher - Speech Synthesis,Qualcomm,서울,,https://kr.indeed.com/%EC%B1%84%EC%9A%A9%EB%B3%B4%EA%B8%B0?jk=36b2d95ca4db80f4
데이터분석가(팀장급),리디,서울,,https://kr.indeed.com/%EC%B1%84%EC%9A%A9%EB%B3%B4%EA%B8%B0?jk=d04fc2b73edbc742
2019년 기상청 국가태풍센터 공무직 근로자 (연장),기상청,대한민국,,https://kr.indeed.com/%EC%B1%84%EC%9A%A9%EB%B3%B4%EA%B8%B0?jk=e62bb1a22d09c5d5
System Engineer,토스 뱅크,서울 강남구,,https://kr.indeed.com/%EC%B1%84%EC%9A%A9%EB%B3%B4%EA%B8%B0?jk=80dea8b8353c3ee0
데이터인프라개발팀 - 데이터 플랫폼 엔지니어,Nexon,성남 분당구,,https://kr.indeed.com/%EC%B1%84%EC%9A%A9%EB%B3%B4%EA%B8%B0?jk=73457e281df2be21
2020상반기,스탠드포인트,서울 금천구,"월급 1,800,000원",https://kr.indeed.com/%EC%B1%84%EC%9A%A9%EB%B3%B4%EA%B8%B0?jk=30533258d1678c06
Senior RF/mmW Hardware Lead Engineer,Apple,서울,,https://kr.indeed.com/%EC%B1%84%EC%9A%A9%EB%B3%B4%EA%B8%B0?jk=abfc94fd3a20ea51
Data Scientist,Soomgo,서울 강남구,,https://kr.indeed.com/%EC%B1%84%EC%9A%A9%EB%B3%B4%EA%B8%B0?jk=917cc06120add6e1
2020 APAC Graduate Programme – Junior Fixed Income Sales,BNP Paribas,서울,,https://kr.indeed.com/%EC%B1%84%EC%9A%A9%EB%B3%B4%EA%B8%B0?jk=b2c01054f550bdf2
기상청(국가태풍센터) 공무직 근로자 (연장),기상청,대한민국,,https://kr.indeed.com/%EC%B1%84%EC%9A%A9%EB%B3%B4%EA%B8%B0?jk=63bdecb9b80a7ff0
"Technical Specialist, Professional Services (Korean, English)",Google,서울,,https://kr.indeed.com/%EC%B1%84%EC%9A%A9%EB%B3%B4%EA%B8%B0?jk=fa839fed02943ef7
데이터 엔지니어,크로스앵글,서울 여의도,,https://kr.indeed.com/%EC%B1%84%EC%9A%A9%EB%B3%B4%EA%B8%B0?jk=ae15250b0a7f47e0
[Clova] Clova 머신러닝 Scientist 개발 신입/경력사원,네이버,대한민국,,https://kr.indeed.com/%EC%B1%84%EC%9A%A9%EB%B3%B4%EA%B8%B0?jk=257110e5aec08f6d
"Customer Solutions Engineer, Global Client and Agency Solutions",Google,서울,,https://kr.indeed.com/%EC%B1%84%EC%9A%A9%EB%B3%B4%EA%B8%B0?jk=2615f45e6f912c05
2019년도 기상청 기후과학국 공무직 근로자,기상청,대한민국,,https://kr.indeed.com/%EC%B1%84%EC%9A%A9%EB%B3%B4%EA%B8%B0?jk=c717d08fe0a9d6e8
기상청 국가태풍센터 공무직 근로자,기상청,대한민국,,https://kr.indeed.com/%EC%B1%84%EC%9A%A9%EB%B3%B4%EA%B8%B0?jk=a84116a45d1b6f75
Machine Learning Engineer (LINE AI Services Lab),LINE Plus corporation,성남 서현역,,https://kr.indeed.com/%EC%B1%84%EC%9A%A9%EB%B3%B4%EA%B8%B0?jk=ff52e5f9625f8f34
2019년 기상청 국가태풍센터 공무직 근로자,기상청,대한민국,,https://kr.indeed.com/%EC%B1%84%EC%9A%A9%EB%B3%B4%EA%B8%B0?jk=06d468b74df69050
데이터 엔지니어 / Data Engineer,Bagelcode,서울,,https://kr.indeed.com/%EC%B1%84%EC%9A%A9%EB%B3%B4%EA%B8%B0?jk=bd1ad6ca3aba3000
퍼즐데이터 역량있는 데이터 분석가,주식회사퍼즐데이터,서울 역삼동,,https://kr.indeed.com/%EC%B1%84%EC%9A%A9%EB%B3%B4%EA%B8%B0?jk=116009dbf59211ed
카카오톡 신규 서비스 서버 개발자,카카오,성남 판교역,,https://kr.indeed.com/%EC%B1%84%EC%9A%A9%EB%B3%B4%EA%B8%B0?jk=de210ffb5a9ee0c4
고성능 게임 피드백 서버 개발,Nexon,성남 분당구,,https://kr.indeed.com/%EC%B1%84%EC%9A%A9%EB%B3%B4%EA%B8%B0?jk=952e0a8d9bac4aea
인프라 플랫폼 개발자,NHN godo,서울 구로구,,https://kr.indeed.com/%EC%B1%84%EC%9A%A9%EB%B3%B4%EA%B8%B0?jk=c8a7c9c4022a3544
[Search] 네이버 웹검색 연구/개발 경력사원,네이버,대한민국,,https://kr.indeed.com/%EC%B1%84%EC%9A%A9%EB%B3%B4%EA%B8%B0?jk=37127548f83bb7f7
"글로벌 플랫폼 쉴드 개발(인증보안,이상결제,평판 등)",Nexon,성남 분당구,,https://kr.indeed.com/%EC%B1%84%EC%9A%A9%EB%B3%B4%EA%B8%B0?jk=07f425a9fb3ee67b
[Search] 글로벌 콘텐츠 검색/ AI 기술 개발 신입/경력사원,네이버,대한민국,,https://kr.indeed.com/%EC%B1%84%EC%9A%A9%EB%B3%B4%EA%B8%B0?jk=90104004fabe2502
FDS 서버 개발,LINE Plus corporation,성남 판교역,,https://kr.indeed.com/%EC%B1%84%EC%9A%A9%EB%B3%B4%EA%B8%B0?jk=deb23c0881100256
System Engineer (South Korea),Confluent,서울,,https://kr.indeed.com/%EC%B1%84%EC%9A%A9%EB%B3%B4%EA%B8%B0?jk=6a399a2c059ebbb1
[카카오 클라우드] 클라우드 개발자(Monitoring as a Service),카카오,성남 판교역,,https://kr.indeed.com/%EC%B1%84%EC%9A%A9%EB%B3%B4%EA%B8%B0?jk=6b65a5a35da64ed3
위시켓과 함께할 서버개발자님,위시켓,서울 강남구,,https://kr.indeed.com/%EC%B1%84%EC%9A%A9%EB%B3%B4%EA%B8%B0?jk=a3a65a4d59061430
현대오트론 차량용 반도체/전장SW 전문가 경력 상시,현대오트론,서울 강남구,,https://kr.indeed.com/%EC%B1%84%EC%9A%A9%EB%B3%B4%EA%B8%B0?jk=38863766ef858bdf
"서버 개발자 (리눅스, C,C++, TCP/IP 소켓)",비에이블컨설팅그룹,서울 구로구,,https://kr.indeed.com/%EC%B1%84%EC%9A%A9%EB%B3%B4%EA%B8%B0?jk=adb4e5f0286f35c6
DBA담당자,해커스,서울 강남구,,https://kr.indeed.com/%EC%B1%84%EC%9A%A9%EB%B3%B4%EA%B8%B0?jk=1f7f2b48cf91125b
[던전앤파이터] 2D/3D 그래픽 기술개발 부문 (TA/엔진프로그래머/툴 프로그래머),네오플,서울 강남구,,https://kr.indeed.com/%EC%B1%84%EC%9A%A9%EB%B3%B4%EA%B8%B0?jk=ed8f2d4e613fb977
"Java, Python 영상툴 개발자",에이아이메이커,서울 마곡동,,https://kr.indeed.com/%EC%B1%84%EC%9A%A9%EB%B3%B4%EA%B8%B0?jk=cae2de07045cfb2b
SI 프로젝트 개발자 (계약직 및 프리랜서),케이포시큐리티,서울 구로구,,https://kr.indeed.com/%EC%B1%84%EC%9A%A9%EB%B3%B4%EA%B8%B0?jk=ee5df99ada829d81
카카오 분석 플랫폼 경력 개발자,카카오,성남 판교역,,https://kr.indeed.com/%EC%B1%84%EC%9A%A9%EB%B3%B4%EA%B8%B0?jk=8ae7c240ef7d5f0b
동남아 모바일 대출 기획 및 운영,LINE Plus corporation,성남 판교역,,https://kr.indeed.com/%EC%B1%84%EC%9A%A9%EB%B3%B4%EA%B8%B0?jk=0c1f05a0f45f5b4e
데브옵스 솔루션 개발자,Nexon,성남 분당구,,https://kr.indeed.com/%EC%B1%84%EC%9A%A9%EB%B3%B4%EA%B8%B0?jk=692486e7a2b0522e
[Search] 쇼핑검색 AI 기술 개발 신입/경력사원,네이버,대한민국,,https://kr.indeed.com/%EC%B1%84%EC%9A%A9%EB%B3%B4%EA%B8%B0?jk=faf0422473d4188a
Lead Technical Solutions Engineer,MightyHive,서울,,https://kr.indeed.com/%EC%B1%84%EC%9A%A9%EB%B3%B4%EA%B8%B0?jk=ae2c6294bc277408
웹 & 소켓 프로그래밍 개발자,아이이에이,서울 송파구,"월급 3,000,000원",https://kr.indeed.com/%EC%B1%84%EC%9A%A9%EB%B3%B4%EA%B8%B0?jk=34df628d6150b04d
Data Scientist III,Amazon Web Services Korea LLC,서울,,https://kr.indeed.com/%EC%B1%84%EC%9A%A9%EB%B3%B4%EA%B8%B0?jk=67ca30c143379281
[던전앤파이터] 클라이언트 툴 프로그래머,네오플,서울 강남구,,https://kr.indeed.com/%EC%B1%84%EC%9A%A9%EB%B3%B4%EA%B8%B0?jk=cb286253682cb876
커머스 플랫폼 개발 (데이터 엔지니어),LINE Plus corporation,성남 서현역,,https://kr.indeed.com/%EC%B1%84%EC%9A%A9%EB%B3%B4%EA%B8%B0?jk=b245cdab72782813
백엔드 파운트 시스템 엔지니어 (현재 급여수준 이상 보장),파운트,서울 충정로역,,https://kr.indeed.com/%EC%B1%84%EC%9A%A9%EB%B3%B4%EA%B8%B0?jk=d6c05c588971df5a
[Ericsson-LG Enterprise] WebRTC UC & Collaboration Developer,에릭슨엘지,서울 금천구,,https://kr.indeed.com/%EC%B1%84%EC%9A%A9%EB%B3%B4%EA%B8%B0?jk=5c7b686e3fee8fa7
TOAST Cloud 운영 및 기술지원,NHN,성남 판교역,,https://kr.indeed.com/%EC%B1%84%EC%9A%A9%EB%B3%B4%EA%B8%B0?jk=ad07d6a330fb619a
"기술연구소 정규직 연력(Java, C++, Python, 기타) 및 ERP 개발인력",파인씨앤아이,서울,"연봉 35,000,000원 - 60,000,000원",https://kr.indeed.com/%EC%B1%84%EC%9A%A9%EB%B3%B4%EA%B8%B0?jk=ff99efe4f7f952d7
카카오 전체의 사용자 플랫폼 만들 서버개발자,카카오,성남 판교역,,https://kr.indeed.com/%EC%B1%84%EC%9A%A9%EB%B3%B4%EA%B8%B0?jk=6d479593b544fa68
벡엔드 및 인프라 개발자,토이스미스,서울 강남구,,https://kr.indeed.com/%EC%B1%84%EC%9A%A9%EB%B3%B4%EA%B8%B0?jk=8fed3be0c61156c9
(경력) 정규직 웹개발자,알에스팀,대전 서구,,https://kr.indeed.com/%EC%B1%84%EC%9A%A9%EB%B3%B4%EA%B8%B0?jk=ba26ecf33dcf82ad
[피파온라인4] 소프트웨어 엔지니어,Electronic Arts,서울,,https://kr.indeed.com/%EC%B1%84%EC%9A%A9%EB%B3%B4%EA%B8%B0?jk=1cf825d234463890
(클라우드플랫폼) 클라우드 솔루션 아키텍트 모집,카카오엔터프라이즈,성남 삼평동,,https://kr.indeed.com/%EC%B1%84%EC%9A%A9%EB%B3%B4%EA%B8%B0?jk=c03c273e6121c0e2
Pricing - Regional Contributions Analyst,Bloomberg,서울,,https://kr.indeed.com/%EC%B1%84%EC%9A%A9%EB%B3%B4%EA%B8%B0?jk=184b0b4e3ca1c557
검색서비스 서버 개발 신입/경력,포티투마루,서울 관악구,,https://kr.indeed.com/%EC%B1%84%EC%9A%A9%EB%B3%B4%EA%B8%B0?jk=e010f7780d479126
"드론 데이터 스타트업, 엔젤스윙 엔지니어",엔젤스윙,서울 관악구,,https://kr.indeed.com/%EC%B1%84%EC%9A%A9%EB%B3%B4%EA%B8%B0?jk=d017610d9828199c
보안 개발자 모집,넷마블,서울 구로구,,https://kr.indeed.com/%EC%B1%84%EC%9A%A9%EB%B3%B4%EA%B8%B0?jk=b9a9af798e9d24a5
Developer (개발자),Coinplug,경기도 성남,,https://kr.indeed.com/%EC%B1%84%EC%9A%A9%EB%B3%B4%EA%B8%B0?jk=b7be58e7af38d186
8퍼센트 경력 개발자,8퍼센트,서울 종로구,,https://kr.indeed.com/%EC%B1%84%EC%9A%A9%EB%B3%B4%EA%B8%B0?jk=464ef95516a5fa5c
8퍼센트 개발자 (신입/경력),8퍼센트,서울 종로구,,https://kr.indeed.com/%EC%B1%84%EC%9A%A9%EB%B3%B4%EA%B8%B0?jk=8af26b37623864c4
Software Test Engineer for HANA Engine Intelligence Team,SAP,서울,,https://kr.indeed.com/%EC%B1%84%EC%9A%A9%EB%B3%B4%EA%B8%B0?jk=8aeedb3a2dba74b6
한글 Q&A 시스템 연구 개발 신입/경력사원,포티투마루,서울 관악구,,https://kr.indeed.com/%EC%B1%84%EC%9A%A9%EB%B3%B4%EA%B8%B0?jk=6f88041c28b6c1ae
[AI Lab] AI 백엔드 엔지니어,버즈니,서울,,https://kr.indeed.com/%EC%B1%84%EC%9A%A9%EB%B3%B4%EA%B8%B0?jk=39d1abf861dbdb6e
백엔드 개발자 (경력),크로스앵글,서울 여의도,,https://kr.indeed.com/%EC%B1%84%EC%9A%A9%EB%B3%B4%EA%B8%B0?jk=af5683389907a8c9
[Search] 검색 서버 개발 & DevOps 엔지니어 신입/경력사원,네이버,대한민국,,https://kr.indeed.com/%EC%B1%84%EC%9A%A9%EB%B3%B4%EA%B8%B0?jk=e9e86127df39c006
"[해외취업] 중국, RAKUTEN, Senior QA Engineer_Membership",英博管理咨询(大连)有限公司,대한민국,"연봉 35,600,000원 - 47,470,000원",https://kr.indeed.com/%EC%B1%84%EC%9A%A9%EB%B3%B4%EA%B8%B0?jk=2a022297d291f917
Data Engineer,하이퍼커넥트,서울,,https://kr.indeed.com/%EC%B1%84%EC%9A%A9%EB%B3%B4%EA%B8%B0?jk=e0506fe72721e74d
경험최적화파트 - 머신러닝 엔지니어,Nexon,성남 분당구,,https://kr.indeed.com/%EC%B1%84%EC%9A%A9%EB%B3%B4%EA%B8%B0?jk=7bf179a290a157b2
데이터 사이언티스트 / Data Scientist,Bagelcode,서울,,https://kr.indeed.com/%EC%B1%84%EC%9A%A9%EB%B3%B4%EA%B8%B0?jk=d0ae3cf7638734ac
Data Center Technician,Amzn Corporate Services Korea,서울,,https://kr.indeed.com/%EC%B1%84%EC%9A%A9%EB%B3%B4%EA%B8%B0?jk=1f542078927eb1e4
2분기 개발자,이스트게임즈,서울 서초구,,https://kr.indeed.com/%EC%B1%84%EC%9A%A9%EB%B3%B4%EA%B8%B0?jk=9b03fb4dca96750c
IT기획(대리-과장급) 초빙 - 유명 유통사,로이스에이치알,서울,,https://kr.indeed.com/%EC%B1%84%EC%9A%A9%EB%B3%B4%EA%B8%B0?jk=d48c925acb7e4187
[카카오 클라우드] 플랫폼 포털 개발자,카카오,성남 판교역,,https://kr.indeed.com/%EC%B1%84%EC%9A%A9%EB%B3%B4%EA%B8%B0?jk=383d4c8a7156b52b
블록체인 시스템 엔지니어 양성과정,에프앤이노에듀,서울,,https://kr.indeed.com/%EC%B1%84%EC%9A%A9%EB%B3%B4%EA%B8%B0?jk=6ddd6cc2b78a4dcb
[Search] BigData and AI Platform S/W엔지니어 신입/경력사원,네이버,대한민국,,https://kr.indeed.com/%EC%B1%84%EC%9A%A9%EB%B3%B4%EA%B8%B0?jk=7d85150a375cfacf
(IT인프라) 보안팀 엔지니어,크래프톤,성남 백현동,,https://kr.indeed.com/%EC%B1%84%EC%9A%A9%EB%B3%B4%EA%B8%B0?jk=91d6041cfb272f25
Web 개발(이커머스 파트)_PHP/CodeIgniter/Javascript,버드뷰,서울 마포구,,https://kr.indeed.com/%EC%B1%84%EC%9A%A9%EB%B3%B4%EA%B8%B0?jk=3292e81e43884c67
Tech U Associate Professional Services Consultant - 2020 Korea,Amazon Web Services Korea LLC,서울,,https://kr.indeed.com/%EC%B1%84%EC%9A%A9%EB%B3%B4%EA%B8%B0?jk=881a1aa0f0646335
모바일 뱅킹앱 서비스의 설계/기획 경력 [저축은행그룹 모기업],피플렙,서울 구로구,,https://kr.indeed.com/%EC%B1%84%EC%9A%A9%EB%B3%B4%EA%B8%B0?jk=2bd4dbc4b81c0bd3
Ericsson-LG Enterprise 경력 개발자 (추가 ),에릭슨엘지,서울 금천구,,https://kr.indeed.com/%EC%B1%84%EC%9A%A9%EB%B3%B4%EA%B8%B0?jk=fd381f2481608bb1
Field Data Scientist,Success Korea,경기도,,https://kr.indeed.com/%EC%B1%84%EC%9A%A9%EB%B3%B4%EA%B8%B0?jk=2892c67308e87f01
PMIC S/W APPS Engineering – Senior to Staff,Qualcomm,서울,,https://kr.indeed.com/%EC%B1%84%EC%9A%A9%EB%B3%B4%EA%B8%B0?jk=01cdfff2d55c2fa5
Senior Data Scientist - AWS Professional Services,Amazon Web Services Korea LLC,서울,,https://kr.indeed.com/%EC%B1%84%EC%9A%A9%EB%B3%B4%EA%B8%B0?jk=37da5b148b2d3ef4
qe 소프트웨어 엔지니어,에이치알 코리아,대한민국,,https://kr.indeed.com/%EC%B1%84%EC%9A%A9%EB%B3%B4%EA%B8%B0?jk=85687b250386c4be
Data Analyst,하이퍼커넥트,서울,,https://kr.indeed.com/%EC%B1%84%EC%9A%A9%EB%B3%B4%EA%B8%B0?jk=2150a287fa8c4d51
"Tech U Associate Solution Architect, Public Sector – 2020 Korea",Amazon Web Services Korea LLC,서울,,https://kr.indeed.com/%EC%B1%84%EC%9A%A9%EB%B3%B4%EA%B8%B0?jk=3c63bba3ee9b3090
웹 서비스 백엔드(Back-end) 시니어 개발자,스탠드포인트,서울 금천구,,https://kr.indeed.com/%EC%B1%84%EC%9A%A9%EB%B3%B4%EA%B8%B0?jk=2962f736a95cb7e2
모바일 앱 보안 솔루션 개발부문,스틸리언,서울 용산구,,https://kr.indeed.com/%EC%B1%84%EC%9A%A9%EB%B3%B4%EA%B8%B0?jk=6718bba08ef6e20b
데이터 분석 솔루션 기반 웹프로그래머,비즈플러그,서울 송파구,"연봉 32,000,000원 - 34,000,000원",https://kr.indeed.com/%EC%B1%84%EC%9A%A9%EB%B3%B4%EA%B8%B0?jk=acb6513596ad0263
"R&D Engineer, Sr I",Synopsys,서울,,https://kr.indeed.com/%EC%B1%84%EC%9A%A9%EB%B3%B4%EA%B8%B0?jk=432b169b273d9964
웹 개발자 (프론트엔드 신입/경력 무관,헤르스,서울 광진구,,https://kr.indeed.com/%EC%B1%84%EC%9A%A9%EB%B3%B4%EA%B8%B0?jk=33ebcf38f48da430
[FEG] 리버스 엔지니어,창운코리아,서울 구로구,,https://kr.indeed.com/%EC%B1%84%EC%9A%A9%EB%B3%B4%EA%B8%B0?jk=5faf4a69ab8c86ca
Data Engineer,토스,서울 강남구,,https://kr.indeed.com/%EC%B1%84%EC%9A%A9%EB%B3%B4%EA%B8%B0?jk=e01c7ac25340705b
Platform/BSP SW APPS Engineering - Engineer/Sr. Engineer,Qualcomm,서울,,https://kr.indeed.com/%EC%B1%84%EC%9A%A9%EB%B3%B4%EA%B8%B0?jk=db144509587439c1
"Marketing Data Scientist, Google Professional Services",Google,서울,,https://kr.indeed.com/%EC%B1%84%EC%9A%A9%EB%B3%B4%EA%B8%B0?jk=424144a5501748e2
자동차 전장부품 소프트웨어(SW) 개발 - 자동차부품 우량대기업,에스에프인촌,서울 강남구,,https://kr.indeed.com/%EC%B1%84%EC%9A%A9%EB%B3%B4%EA%B8%B0?jk=fb49040f1ca80e46
2019년도 기상청 기후과학국 공무직 근로자 (연장),기상청,대한민국,,https://kr.indeed.com/%EC%B1%84%EC%9A%A9%EB%B3%B4%EA%B8%B0?jk=0c5adbe673bc3562
"Solution Architect, Data Scientist - WWFO",NVIDIA,서울,,https://kr.indeed.com/%EC%B1%84%EC%9A%A9%EB%B3%B4%EA%B8%B0?jk=475bfcb9fe2956fa
AR App Engineer,하이퍼커넥트,서울,,https://kr.indeed.com/%EC%B1%84%EC%9A%A9%EB%B3%B4%EA%B8%B0?jk=f0651a7717791bc3
[ADOP/2년 연속 청년친화강소] Ad platform Developer,애드오피,서울 강남구,,https://kr.indeed.com/%EC%B1%84%EC%9A%A9%EB%B3%B4%EA%B8%B0?jk=934ef372363794c8
협업도구 및 코드관리도구 운영담당자 (경력),카카오,성남 판교역,,https://kr.indeed.com/%EC%B1%84%EC%9A%A9%EB%B3%B4%EA%B8%B0?jk=62bedb52fadedd74
Senior Full-stack Developer,Asiance,서울,,https://kr.indeed.com/%EC%B1%84%EC%9A%A9%EB%B3%B4%EA%B8%B0?jk=978edf4ea4db4d6c
[Clova] Clova Platform Backend 개발자 경력사원,네이버,대한민국,,https://kr.indeed.com/%EC%B1%84%EC%9A%A9%EB%B3%B4%EA%B8%B0?jk=79aa0ecba6067f06
[라프텔] 서버(백엔드) 개발자,RIDI Corp,서울,,https://kr.indeed.com/%EC%B1%84%EC%9A%A9%EB%B3%B4%EA%B8%B0?jk=fc7028b6cb17fa5b
Cloud 서비스 (Infra as a Service) 개발자 (경력),카카오,성남 판교역,,https://kr.indeed.com/%EC%B1%84%EC%9A%A9%EB%B3%B4%EA%B8%B0?jk=449e0f73f32c6c7a
서울 강남구 인썸니아 시니어 개발자 및 퍼블리셔,인썸니아,서울 서초구,,https://kr.indeed.com/%EC%B1%84%EC%9A%A9%EB%B3%B4%EA%B8%B0?jk=6c1d50662fa2d7f7
SW개발자 0명 자동화 산업장비 제조업,자동화 산업장비 제조업,대한민국,,https://kr.indeed.com/%EC%B1%84%EC%9A%A9%EB%B3%B4%EA%B8%B0?jk=80e215cfdccb251c
블록체인 개발자(Blockchain Developer),테스시스템,서울 구로구,,https://kr.indeed.com/%EC%B1%84%EC%9A%A9%EB%B3%B4%EA%B8%B0?jk=e3821248042635f0
[해외취업] 게임 서버 엔지니어 정사원/계약사원 중,"CREEK & RIVER Co., Ltd.",대한민국,,https://kr.indeed.com/%EC%B1%84%EC%9A%A9%EB%B3%B4%EA%B8%B0?jk=4931bdddafc97c9a
파이썬SW 금융분야 특화 챗봇 개발 함께 할 엔지니어,파운트,서울 충정로역,,https://kr.indeed.com/%EC%B1%84%EC%9A%A9%EB%B3%B4%EA%B8%B0?jk=ffd9cedb23e97344
4차산업선도인력 빅데이터-IoT 국비지원 교육생,비트컴퓨터,서울 강남구,,https://kr.indeed.com/%EC%B1%84%EC%9A%A9%EB%B3%B4%EA%B8%B0?jk=a8f2de7c03aa263c
[주식회사 옥퀘스트]인공지능 기반 뷰티&헬스케어 토털 서비스 전문 회사와 함께 하실 분,옥퀘스트,서울 목동,,https://kr.indeed.com/%EC%B1%84%EC%9A%A9%EB%B3%B4%EA%B8%B0?jk=cb7d24298c78f23f
백엔드 개발자 경력 (서울),유펜솔루션,서울 강남구,,https://kr.indeed.com/%EC%B1%84%EC%9A%A9%EB%B3%B4%EA%B8%B0?jk=f4da103184185deb
웹프로그래머 (FrontEnd) 기업부설연구소 연구원 #python #js #FullStack #모바일,넥스텝코리아,서울 용산구,"연봉 30,000,000원",https://kr.indeed.com/%EC%B1%84%EC%9A%A9%EB%B3%B4%EA%B8%B0?jk=13da7e1ea8120745
백엔드 개발자( backend developer),디에프알씨,서울 강동구,"월급 3,000,000원",https://kr.indeed.com/%EC%B1%84%EC%9A%A9%EB%B3%B4%EA%B8%B0?jk=7fc24ad808f385db
4G LTE/5G NR Software Engineer,Success Korea,서울 신대방동,,https://kr.indeed.com/%EC%B1%84%EC%9A%A9%EB%B3%B4%EA%B8%B0?jk=081ba90fcfa975e3
알체라와 함께 Solution Platform팀 '프론트엔드 개발자'로 성장하실 분들.,알체라,성남 삼평동,"연봉 30,000,000원",https://kr.indeed.com/%EC%B1%84%EC%9A%A9%EB%B3%B4%EA%B8%B0?jk=ebd9df6d7dfc5550
파이썬 중급개발자,퓨쳐위즈,서울 강남구,,https://kr.indeed.com/%EC%B1%84%EC%9A%A9%EB%B3%B4%EA%B8%B0?jk=5ee29e41129934a3
"경력직 SI/SM 개발자 (JAVA, 커머스, Python)",씨인플러스,서울 금천구,,https://kr.indeed.com/%EC%B1%84%EC%9A%A9%EB%B3%B4%EA%B8%B0?jk=a3eab4406320cc22
Senior Specialist Consultant - AI/ML,Amazon Web Services Korea LLC,서울,,https://kr.indeed.com/%EC%B1%84%EC%9A%A9%EB%B3%B4%EA%B8%B0?jk=b51ca785a45edf17
[개발팀] 클라우드 및 컨테이너 개발자,심플렉스,서울 동작구,,https://kr.indeed.com/%EC%B1%84%EC%9A%A9%EB%B3%B4%EA%B8%B0?jk=652a24fac69813b6
빅데이터 분석 연구원,누베베 미병연구소,서울 역삼동,"연봉 30,000,000원",https://kr.indeed.com/%EC%B1%84%EC%9A%A9%EB%B3%B4%EA%B8%B0?jk=13e0dc42596d2159
Performance Marketer (SA 중심),Soomgo,서울 강남구,,https://kr.indeed.com/%EC%B1%84%EC%9A%A9%EB%B3%B4%EA%B8%B0?jk=08ac4426aa2a7bed
[해외취업] 고급 IT 엔지니어,株式会社ASCOM,대한민국,,https://kr.indeed.com/%EC%B1%84%EC%9A%A9%EB%B3%B4%EA%B8%B0?jk=1a33a9c8b9904546
DBA,토스,서울 강남구,,https://kr.indeed.com/%EC%B1%84%EC%9A%A9%EB%B3%B4%EA%B8%B0?jk=74d66a601cc8dde0
TOAST Cloud 사업기획/영업,NHN,성남 판교역,,https://kr.indeed.com/%EC%B1%84%EC%9A%A9%EB%B3%B4%EA%B8%B0?jk=6b86ea39985912b6
"멀티미디어(방송, 영상) 보안 솔루션 개발 (C,C++)",비에이블컨설팅그룹,서울 구로구,,https://kr.indeed.com/%EC%B1%84%EC%9A%A9%EB%B3%B4%EA%B8%B0?jk=4d8b25070ac67cfe
"RF SW Engineer, Senior",Qualcomm,서울,,https://kr.indeed.com/%EC%B1%84%EC%9A%A9%EB%B3%B4%EA%B8%B0?jk=2a4041f0b6aeb27b
Senior Back-End Developer,Asiance,서울,,https://kr.indeed.com/%EC%B1%84%EC%9A%A9%EB%B3%B4%EA%B8%B0?jk=cdb73ed97e74098a
링크샵스 플랫폼 개발 및 유지보수 담당,링크샵스,서울 중구,,https://kr.indeed.com/%EC%B1%84%EC%9A%A9%EB%B3%B4%EA%B8%B0?jk=a6d0f0030a9ad230
Senior Data Scientist,레이니스트,서울,,https://kr.indeed.com/%EC%B1%84%EC%9A%A9%EB%B3%B4%EA%B8%B0?jk=7ab0eeaa9b519340
Software Developer - Front-End / Back-End,AITRICS,서울,,https://kr.indeed.com/%EC%B1%84%EC%9A%A9%EB%B3%B4%EA%B8%B0?jk=5123207a169f90eb
Senior Data Architect,Amazon Web Services Korea LLC,서울,,https://kr.indeed.com/%EC%B1%84%EC%9A%A9%EB%B3%B4%EA%B8%B0?jk=5d9a7b29a92fc3da
Tech U Associate Technical Trainer - 2020 Korea,Amazon Web Services Korea LLC,서울,,https://kr.indeed.com/%EC%B1%84%EC%9A%A9%EB%B3%B4%EA%B8%B0?jk=a8b83b3070bb370a
Data Platform Engineer,토스,서울 강남구,,https://kr.indeed.com/%EC%B1%84%EC%9A%A9%EB%B3%B4%EA%B8%B0?jk=58776016fbc8665f
Linux Specialist,토스,서울 강남구,,https://kr.indeed.com/%EC%B1%84%EC%9A%A9%EB%B3%B4%EA%B8%B0?jk=6d158e8e6a242927
Senior System Engineer,레이니스트,서울,,https://kr.indeed.com/%EC%B1%84%EC%9A%A9%EB%B3%B4%EA%B8%B0?jk=a8b322f38b3412c5
Cloud Support Eng. II (Lin),Amazon Web Services Korea LLC,서울,,https://kr.indeed.com/%EC%B1%84%EC%9A%A9%EB%B3%B4%EA%B8%B0?jk=a90457066bb577a4
Cloud Support Eng. II (DMS),Amazon Web Services Korea LLC,서울,,https://kr.indeed.com/%EC%B1%84%EC%9A%A9%EB%B3%B4%EA%B8%B0?jk=7f38721257646550
AI Algorithm Developer,펄핏,서울 강남구,,https://kr.indeed.com/%EC%B1%84%EC%9A%A9%EB%B3%B4%EA%B8%B0?jk=88b7dece067cd1c6
Support Engineer _ Azure Security,Microsoft,서울,,https://kr.indeed.com/%EC%B1%84%EC%9A%A9%EB%B3%B4%EA%B8%B0?jk=ac8d5ff1022fce65
중급개발자,소명소프트,서울 송파구,"월급 2,800,000원 - 3,000,000원",https://kr.indeed.com/%EC%B1%84%EC%9A%A9%EB%B3%B4%EA%B8%B0?jk=7ca09f597b344520
[인재풀] Central Development Services,Electronic Arts,서울,,https://kr.indeed.com/%EC%B1%84%EC%9A%A9%EB%B3%B4%EA%B8%B0?jk=d9a8d22b38653d34
Analytics Specialist,MightyHive,서울,,https://kr.indeed.com/%EC%B1%84%EC%9A%A9%EB%B3%B4%EA%B8%B0?jk=419692b3ddb34768
AI Bio Platform Startup / Research Engineer,AdeccoKorea,서울,,https://kr.indeed.com/%EC%B1%84%EC%9A%A9%EB%B3%B4%EA%B8%B0?jk=45c41923b79f5960
Solutions Architect - Amazon Connect,Amazon Web Services Korea LLC,서울,,https://kr.indeed.com/%EC%B1%84%EC%9A%A9%EB%B3%B4%EA%B8%B0?jk=5c6723a17ad467f6
Sales Manager (Born in the Cloud),Hewlett Packard Enterprise,서울,,https://kr.indeed.com/%EC%B1%84%EC%9A%A9%EB%B3%B4%EA%B8%B0?jk=1b68be0d8cba9f3e
[IT대기업] Data Scientist (과장~부장급),커리어셀파,서울,,https://kr.indeed.com/%EC%B1%84%EC%9A%A9%EB%B3%B4%EA%B8%B0?jk=36ed6aa879eb32f7
"기술연구소 정규직 연력(Java, C++, Python, 기타).",파인씨앤아이,서울 송파구,"연봉 35,000,000원",https://kr.indeed.com/%EC%B1%84%EC%9A%A9%EB%B3%B4%EA%B8%B0?jk=68117cedea15bc83
SAP Architect,Amazon Web Services Korea LLC,서울,,https://kr.indeed.com/%EC%B1%84%EC%9A%A9%EB%B3%B4%EA%B8%B0?jk=1a5cda61b51c21b7
DevOps Engineer,하이퍼커넥트,서울,,https://kr.indeed.com/%EC%B1%84%EC%9A%A9%EB%B3%B4%EA%B8%B0?jk=3d8e270a47a88295
Android Software Engineer,하이퍼커넥트,서울,,https://kr.indeed.com/%EC%B1%84%EC%9A%A9%EB%B3%B4%EA%B8%B0?jk=ecc4154e1f4d28a8
인공지능(AI) SW개발 담당 0명 자동화 산업장비 제조업,자동화 산업장비 제조업,대한민국,,https://kr.indeed.com/%EC%B1%84%EC%9A%A9%EB%B3%B4%EA%B8%B0?jk=5164238b12d010da
Data Engineering Manager,레이니스트,서울,,https://kr.indeed.com/%EC%B1%84%EC%9A%A9%EB%B3%B4%EA%B8%B0?jk=301a562b5b4d2b2e
System Engineer,토스 페이먼츠,서울 강남구,,https://kr.indeed.com/%EC%B1%84%EC%9A%A9%EB%B3%B4%EA%B8%B0?jk=b00009495def08db
웹 개발자 채용,꿈꾸는다락방,서울 공덕동,,https://kr.indeed.com/%EC%B1%84%EC%9A%A9%EB%B3%B4%EA%B8%B0?jk=3cc6771ec537db8c
[유펜솔루션] 웹 크롤링 엔진 개발자 경력 (서울),유펜솔루션,서울 강남구,,https://kr.indeed.com/%EC%B1%84%EC%9A%A9%EB%B3%B4%EA%B8%B0?jk=f5f3bc6e243a4d9e
Server Engineering Manager,레이니스트,서울,,https://kr.indeed.com/%EC%B1%84%EC%9A%A9%EB%B3%B4%EA%B8%B0?jk=35b6381bfc05576b
"Specialist Solutions Architect III, AI/ML",Amazon Web Services Korea LLC,서울,,https://kr.indeed.com/%EC%B1%84%EC%9A%A9%EB%B3%B4%EA%B8%B0?jk=2625bdacef9c5d08
Software Engineer in Testing for SAP HANA Cloud Databases and Data Virtualization,SAP,서울,,https://kr.indeed.com/%EC%B1%84%EC%9A%A9%EB%B3%B4%EA%B8%B0?jk=0b9a231d4a1d649d
"[해외취업] IT 프로그래머,web개발 엔지니어,Java프로그래머,인프라, SES 정사원 東京、島根県出雲市근무",SEAGILE,대한민국,"연봉 35,100,000원 - 70,000,000원",https://kr.indeed.com/%EC%B1%84%EC%9A%A9%EB%B3%B4%EA%B8%B0?jk=45a8d1ec64004328
[공통기술부문] 클라우드 엔지니어,우아한 형제들,서울 송파구,,https://kr.indeed.com/%EC%B1%84%EC%9A%A9%EB%B3%B4%EA%B8%B0?jk=df626b4cbdfbd798
IC 설계자동화 (EDA) 소프트웨어 (XMODEL) 모델 개발자 / 응용 엔지니어 (AE),사이언티픽아날로그,서울 서초구,,https://kr.indeed.com/%EC%B1%84%EC%9A%A9%EB%B3%B4%EA%B8%B0?jk=663bf039e4b43f83
IT 강소기업 JAVA 솔루션 개발자 (경력직) (성수동),휴먼브릿지앤코,서울,"연봉 40,000,000원 - 50,000,000원",https://kr.indeed.com/%EC%B1%84%EC%9A%A9%EB%B3%B4%EA%B8%B0?jk=15d34691f7f24eee
정규직) 안드로이드 앱 개발자 경력직 -3년이상,이퓨인터내셔널,서울 강남구,"연봉 30,000,000원 - 35,000,000원",https://kr.indeed.com/%EC%B1%84%EC%9A%A9%EB%B3%B4%EA%B8%B0?jk=08d7040dbee60635
"스마트팜 환경제어 어플리케이션 개발, 유지보수 프로그래머",Fauus,고양 삼송역,"연봉 30,000,000원",https://kr.indeed.com/%EC%B1%84%EC%9A%A9%EB%B3%B4%EA%B8%B0?jk=4d27df0e4df8275e
Cloud Support Eng. II (Net),Amazon Web Services Korea LLC,서울,,https://kr.indeed.com/%EC%B1%84%EC%9A%A9%EB%B3%B4%EA%B8%B0?jk=cfdd56fef2ec9c47
Senior Server Engineer,레이니스트,서울,,https://kr.indeed.com/%EC%B1%84%EC%9A%A9%EB%B3%B4%EA%B8%B0?jk=0775a7b8bbca016c
기술영업(신입/경력),에이치알 코리아,대한민국,,https://kr.indeed.com/%EC%B1%84%EC%9A%A9%EB%B3%B4%EA%B8%B0?jk=9fa9d498506f86aa
DRE - Build Engineer,Success Korea,서울,,https://kr.indeed.com/%EC%B1%84%EC%9A%A9%EB%B3%B4%EA%B8%B0?jk=ee7e4f2e5d69f84c
DevOps Engineer,레이니스트,서울,,https://kr.indeed.com/%EC%B1%84%EC%9A%A9%EB%B3%B4%EA%B8%B0?jk=d33bedcde75e9c87
Java Backend Software Engineer,하이퍼커넥트,서울,,https://kr.indeed.com/%EC%B1%84%EC%9A%A9%EB%B3%B4%EA%B8%B0?jk=248f25cc0416aa37
Technical Trainer - Amazon Web Services,Amazon Web Services Korea LLC,서울,,https://kr.indeed.com/%EC%B1%84%EC%9A%A9%EB%B3%B4%EA%B8%B0?jk=f044d9361c664f80
Full Stack Developer (Internal Products),토스,서울 강남구,,https://kr.indeed.com/%EC%B1%84%EC%9A%A9%EB%B3%B4%EA%B8%B0?jk=60c38beac39270b1
Cloud Service 개발 및 운영,LINE Plus corporation,성남 서현역,,https://kr.indeed.com/%EC%B1%84%EC%9A%A9%EB%B3%B4%EA%B8%B0?jk=48ace3aa027982bc
AI Bio Platform / Research Scientist,AdeccoKorea,서울,,https://kr.indeed.com/%EC%B1%84%EC%9A%A9%EB%B3%B4%EA%B8%B0?jk=54e4e90d879599ee
Data Platform Engineer,토스 증권,서울 강남구,,https://kr.indeed.com/%EC%B1%84%EC%9A%A9%EB%B3%B4%EA%B8%B0?jk=8a3959ab234e83de
WaveBridge BackEnd Developer 경력직,웨이브릿지,서울 강남구,,https://kr.indeed.com/%EC%B1%84%EC%9A%A9%EB%B3%B4%EA%B8%B0?jk=ea7a7ab6e15151c1
반응형웹개발자(3년이상),에이치알 코리아,대한민국,,https://kr.indeed.com/%EC%B1%84%EC%9A%A9%EB%B3%B4%EA%B8%B0?jk=e42dff836a3182d7
[유펜솔루션] 웹 크롤링 엔진 개발자 경력 (대전),유펜솔루션,서울 강남구,,https://kr.indeed.com/%EC%B1%84%EC%9A%A9%EB%B3%B4%EA%B8%B0?jk=c56cf399beea5f36
Cloud Storage Architect 국내 IT 대기업,국내 IT 대기업,서울특별시,,https://kr.indeed.com/%EC%B1%84%EC%9A%A9%EB%B3%B4%EA%B8%B0?jk=703240f1af245dde
성장하는 핀테크 스타트업 BackEnd Developer 경력직,웨이브릿지,서울 강남구,,https://kr.indeed.com/%EC%B1%84%EC%9A%A9%EB%B3%B4%EA%B8%B0?jk=f8ee4cfdf4dd6934
Customer Operations Engineering Manager,Success Korea,대한민국,,https://kr.indeed.com/%EC%B1%84%EC%9A%A9%EB%B3%B4%EA%B8%B0?jk=8a15326f80e07c08
Security Developer (보안 개발자),토스,서울 강남구,,https://kr.indeed.com/%EC%B1%84%EC%9A%A9%EB%B3%B4%EA%B8%B0?jk=857aced59dd116dd
AI(인공지능) 개발자,휴먼디지털,서울,,https://kr.indeed.com/%EC%B1%84%EC%9A%A9%EB%B3%B4%EA%B8%B0?jk=d498993697237b33
TOAST Cloud 플랫폼 및 서비스 개발,NHN,성남 판교역,,https://kr.indeed.com/%EC%B1%84%EC%9A%A9%EB%B3%B4%EA%B8%B0?jk=ea2cf2a5e929b0ee
Cloud Support Eng. II (SCD),Amazon Web Services Korea LLC,서울,,https://kr.indeed.com/%EC%B1%84%EC%9A%A9%EB%B3%B4%EA%B8%B0?jk=1c48b404fc0661dc
Cloud Support Eng. II (Dep),Amazon Web Services Korea LLC,서울,,https://kr.indeed.com/%EC%B1%84%EC%9A%A9%EB%B3%B4%EA%B8%B0?jk=9e813356712bbe78
Android 앱개발자 (경력3년이상),이퓨인터내셔널,서울 강남구,"연봉 30,000,000원 - 35,000,000원",https://kr.indeed.com/%EC%B1%84%EC%9A%A9%EB%B3%B4%EA%B8%B0?jk=dd34d9838bc38782
Data Scientist (Analytics Modeling Expert),Success Korea,서울,,https://kr.indeed.com/%EC%B1%84%EC%9A%A9%EB%B3%B4%EA%B8%B0?jk=10530ea7d98370b7
인공지능 검색서비스 기획,에이치알 코리아,서울,,https://kr.indeed.com/%EC%B1%84%EC%9A%A9%EB%B3%B4%EA%B8%B0?jk=e1cf26d9df2052c9
데이터프로덕트 서버 개발자 (2년 이상),우아한 형제들,서울 송파구,,https://kr.indeed.com/%EC%B1%84%EC%9A%A9%EB%B3%B4%EA%B8%B0?jk=f2e8324d211ea289
"웹/모바일 기반 벡엔드/프론트엔드 개발_대리, 과장급_대기업",에이치알 코리아,대한민국,,https://kr.indeed.com/%EC%B1%84%EC%9A%A9%EB%B3%B4%EA%B8%B0?jk=8c4e16d1785c009f
DevOps Consultant - Professional Services,Amazon Web Services Korea LLC,서울,,https://kr.indeed.com/%EC%B1%84%EC%9A%A9%EB%B3%B4%EA%B8%B0?jk=204308e277d085e3
(주)엘솔루 개발자,㈜엘솔루,서울,,https://kr.indeed.com/%EC%B1%84%EC%9A%A9%EB%B3%B4%EA%B8%B0?jk=2a1d77bd91952093
Senior Data Scientist - AWS Professional Services Korea,Amazon Web Services Korea LLC,서울,,https://kr.indeed.com/%EC%B1%84%EC%9A%A9%EB%B3%B4%EA%B8%B0?jk=8571cb1e9639cccf
빅데이터 분석/컨설팅(3년이상 경력),에이치알 코리아,서울,,https://kr.indeed.com/%EC%B1%84%EC%9A%A9%EB%B3%B4%EA%B8%B0?jk=1686bc8fdc03fd84
"모바일 앱 서버 개발(Java, Python)",휴먼디지털,서울,,https://kr.indeed.com/%EC%B1%84%EC%9A%A9%EB%B3%B4%EA%B8%B0?jk=16dff836029458af
Software Integration Engineer,Success Korea,서울,,https://kr.indeed.com/%EC%B1%84%EC%9A%A9%EB%B3%B4%EA%B8%B0?jk=d0ad8d53ad979e23
Cloud Infrastructure Architect,Amazon Web Services Korea LLC,서울,,https://kr.indeed.com/%EC%B1%84%EC%9A%A9%EB%B3%B4%EA%B8%B0?jk=d9470ee259f7457b
Video Analytics(VA) Software Developer,Success Korea,서울,,https://kr.indeed.com/%EC%B1%84%EC%9A%A9%EB%B3%B4%EA%B8%B0?jk=ca46d5dccd5e9d73
Senior DevOps Engineer,레이니스트,서울,,https://kr.indeed.com/%EC%B1%84%EC%9A%A9%EB%B3%B4%EA%B8%B0?jk=feb6f27fec2c9dc3
Technical Program Manager - AWS Academy,Amazon Web Services Korea LLC,서울,,https://kr.indeed.com/%EC%B1%84%EC%9A%A9%EB%B3%B4%EA%B8%B0?jk=b85e09230ff6ba98
DevOps Engineering Manager,레이니스트,서울,,https://kr.indeed.com/%EC%B1%84%EC%9A%A9%EB%B3%B4%EA%B8%B0?jk=449bd082a8176d57
"Sr. Solutions Architect, Storage",Amazon Web Services Korea LLC,서울,,https://kr.indeed.com/%EC%B1%84%EC%9A%A9%EB%B3%B4%EA%B8%B0?jk=d90b5ba4ce618721
Cloud Application Architect - Professional Services,Amazon Web Services Korea LLC,서울,,https://kr.indeed.com/%EC%B1%84%EC%9A%A9%EB%B3%B4%EA%B8%B0?jk=ff2f8c996186ab4d
DX혁신부문 Tech Lab Senior Machine Learning & AI(Data professional) 정규직,이투스교육,서울 강남구,,https://kr.indeed.com/%EC%B1%84%EC%9A%A9%EB%B3%B4%EA%B8%B0?jk=9b09565fe78ef392
업무지원 시스템 운영 및 관리 경력직 (2년 이상),우아한 형제들,서울 송파구,,https://kr.indeed.com/%EC%B1%84%EC%9A%A9%EB%B3%B4%EA%B8%B0?jk=5612a68265e705ed
[IT대기업] 클라우드(Cloud) 전문가 (과장~부장급),커리어셀파,서울,,https://kr.indeed.com/%EC%B1%84%EC%9A%A9%EB%B3%B4%EA%B8%B0?jk=11296fe432fdf07a
Video Solution System Engineer,Success Korea,서울,,https://kr.indeed.com/%EC%B1%84%EC%9A%A9%EB%B3%B4%EA%B8%B0?jk=838599aa8cfbcf47
Big Data Engineer,휴먼디지털,서울,,https://kr.indeed.com/%EC%B1%84%EC%9A%A9%EB%B3%B4%EA%B8%B0?jk=6863b8ecbee9cb28
Solution Architecture: Starts-Up/Gaming,Success Korea,서울,,https://kr.indeed.com/%EC%B1%84%EC%9A%A9%EB%B3%B4%EA%B8%B0?jk=6ae76a6437a8a2b6
인공지능 검색/데이터 엔지니어,에이치알 코리아,서울,,https://kr.indeed.com/%EC%B1%84%EC%9A%A9%EB%B3%B4%EA%B8%B0?jk=b1abf6f8058060cd
인공지능 소프트웨어 엔지니어,에이치알 코리아,서울,,https://kr.indeed.com/%EC%B1%84%EC%9A%A9%EB%B3%B4%EA%B8%B0?jk=7b1bf7ccf8fdf4bb
빅데이터 개발(3년이상 경력),에이치알 코리아,서울,,https://kr.indeed.com/%EC%B1%84%EC%9A%A9%EB%B3%B4%EA%B8%B0?jk=a72ab5e8773b9ad8
Data Mining 개발(3년이상 경력),에이치알 코리아,서울,,https://kr.indeed.com/%EC%B1%84%EC%9A%A9%EB%B3%B4%EA%B8%B0?jk=8cf3625826afa063
[경력직] 클라우드 플랫폼(PaaS) 엔지니어 채용,에이치알 코리아,서울,,https://kr.indeed.com/%EC%B1%84%EC%9A%A9%EB%B3%B4%EA%B8%B0?jk=8d09144c7027cb06
[전략기술] UAM 기체 구조해석,현대자동차그룹,대한민국,,https://kr.indeed.com/%EC%B1%84%EC%9A%A9%EB%B3%B4%EA%B8%B0?jk=2d6172acbd1e9ea7
APEC 기후센터 직원,기상청,대한민국,,https://kr.indeed.com/%EC%B1%84%EC%9A%A9%EB%B3%B4%EA%B8%B0?jk=a5405c883e10ded4
Django + Python 웹개발,(주)딕스코리아,서울 가산디지털단지역,"연봉 40,000,000원 - 45,000,000원",https://kr.indeed.com/%EC%B1%84%EC%9A%A9%EB%B3%B4%EA%B8%B0?jk=d7a5d7d67068b597
Principal Business Analysis (CRM),Coupang,서울,,https://kr.indeed.com/%EC%B1%84%EC%9A%A9%EB%B3%B4%EA%B8%B0?jk=e75ddeeb278d91f2
지스트 블록체인인터넷경제연구센터 계약직(연구원),광주과학기술원,광주 북구,,https://kr.indeed.com/%EC%B1%84%EC%9A%A9%EB%B3%B4%EA%B8%B0?jk=ea5ce8fd0f077539
Field Application Engineer (FAE) – Korea/Asia,LUCID Vision Labs,대한민국,,https://kr.indeed.com/%EC%B1%84%EC%9A%A9%EB%B3%B4%EA%B8%B0?jk=06995d4800ce38f3
금융플랫폼 AI 플랫폼 연구개발,금융그룹 AI 플랫폼 연구개발,서울,,https://kr.indeed.com/%EC%B1%84%EC%9A%A9%EB%B3%B4%EA%B8%B0?jk=711b922289384d7f
블록체인인터넷경제연구센터 위촉연구원,광주과학기술원,광주 북구,,https://kr.indeed.com/%EC%B1%84%EC%9A%A9%EB%B3%B4%EA%B8%B0?jk=3e80435be74cd28f
[R&D] 연료전지시스템 제어 SW 개발,현대자동차그룹,대한민국,,https://kr.indeed.com/%EC%B1%84%EC%9A%A9%EB%B3%B4%EA%B8%B0?jk=56072bc50be2b22b
[연구 인턴] 연료전지시스템 제어,현대자동차그룹,대한민국,,https://kr.indeed.com/%EC%B1%84%EC%9A%A9%EB%B3%B4%EA%B8%B0?jk=dabb703402375f5c
[S/W] AI agent QA(Quality Assurance) Engineer,현대자동차그룹,대한민국,,https://kr.indeed.com/%EC%B1%84%EC%9A%A9%EB%B3%B4%EA%B8%B0?jk=7ef22311fbf5c3c0
2020년 제1회 공무직 근로자 연장,기상청,대한민국,,https://kr.indeed.com/%EC%B1%84%EC%9A%A9%EB%B3%B4%EA%B8%B0?jk=98e65e3c415c53e1
2020년 제1회 예보국 공무직 근로자,기상청,대한민국,,https://kr.indeed.com/%EC%B1%84%EC%9A%A9%EB%B3%B4%EA%B8%B0?jk=e58d815322b69ad8
WebXR / 디지털 트윈 개발 (SW),클레이웍스(주),수원 영통구,,https://kr.indeed.com/%EC%B1%84%EC%9A%A9%EB%B3%B4%EA%B8%B0?jk=0853a52500098773
[전략기술] UAM 공력해석,현대자동차그룹,대한민국,,https://kr.indeed.com/%EC%B1%84%EC%9A%A9%EB%B3%B4%EA%B8%B0?jk=e55df3ee0dfeadca
[전략기술] UAM 로터 블레이드 해석,현대자동차그룹,대한민국,,https://kr.indeed.com/%EC%B1%84%EC%9A%A9%EB%B3%B4%EA%B8%B0?jk=660ca30a4342d240
Python Programmer,Mofac,서울 서초구,,https://kr.indeed.com/%EC%B1%84%EC%9A%A9%EB%B3%B4%EA%B8%B0?jk=df21e3bb5d773616
[전략기술] UAM 피로 해석,현대자동차그룹,대한민국,,https://kr.indeed.com/%EC%B1%84%EC%9A%A9%EB%B3%B4%EA%B8%B0?jk=97421577a8cda224
[S/W] Data Scientist,현대자동차그룹,대한민국,,https://kr.indeed.com/%EC%B1%84%EC%9A%A9%EB%B3%B4%EA%B8%B0?jk=e4952de43fa31517
기간제 근로자,기상청,대한민국,,https://kr.indeed.com/%EC%B1%84%EC%9A%A9%EB%B3%B4%EA%B8%B0?jk=2c59ef1039e3e5bb
[전략기술] UAM 성능해석,현대자동차그룹,대한민국,,https://kr.indeed.com/%EC%B1%84%EC%9A%A9%EB%B3%B4%EA%B8%B0?jk=4d8f2556037870d2
[전략기술] UAM 컨셉설계,현대자동차그룹,대한민국,,https://kr.indeed.com/%EC%B1%84%EC%9A%A9%EB%B3%B4%EA%B8%B0?jk=a600bf9f496bba80
인간중심 지능형 시스템 연구실 시간제 연구원,광주과학기술원,광주 북구,,https://kr.indeed.com/%EC%B1%84%EC%9A%A9%EB%B3%B4%EA%B8%B0?jk=67503f27b0365593
'20년 AMOREPACIFIC 경력채용_Data Analyst,아모레퍼시픽,서울,,https://kr.indeed.com/%EC%B1%84%EC%9A%A9%EB%B3%B4%EA%B8%B0?jk=c6c7899742dffda5
[전략기술] UAM 디자인 최적화,현대자동차그룹,대한민국,,https://kr.indeed.com/%EC%B1%84%EC%9A%A9%EB%B3%B4%EA%B8%B0?jk=9dba5869c2815972
R&D 연구원/ 임베디드시스템 개발자,홍익대학교 무인이동체자율항법연구실,서울 마포구,"월급 2,500,000원 - 3,500,000원",https://kr.indeed.com/%EC%B1%84%EC%9A%A9%EB%B3%B4%EA%B8%B0?jk=40acc204682e5219
"Principal, Business Analyst (SCM Systems)",Coupang,서울,,https://kr.indeed.com/%EC%B1%84%EC%9A%A9%EB%B3%B4%EA%B8%B0?jk=f8884a7f8067fd39
WebRTC UC & Collaboration Developer,Ericsson,서울,,https://kr.indeed.com/%EC%B1%84%EC%9A%A9%EB%B3%B4%EA%B8%B0?jk=41818bc2a8ab8283
지구·환경공학부 환경시스템공학 연구실 위촉연구원,광주과학기술원,광주 북구,,https://kr.indeed.com/%EC%B1%84%EC%9A%A9%EB%B3%B4%EA%B8%B0?jk=d425b24146af3fa1
주니어 데이터 엔지니어 / Junior Data Engineer,Bagelcode,서울,,https://kr.indeed.com/%EC%B1%84%EC%9A%A9%EB%B3%B4%EA%B8%B0?jk=65232d6e37b8f7fb
"[R0001563] Principal, Back-end Engineer (SCM Insights)",Coupang,서울,,https://kr.indeed.com/%EC%B1%84%EC%9A%A9%EB%B3%B4%EA%B8%B0?jk=f59ae6a493eec795
차세대 광-무선 가입자망 연구센터 연구전담교수,광주과학기술원,광주 북구,,https://kr.indeed.com/%EC%B1%84%EC%9A%A9%EB%B3%B4%EA%B8%B0?jk=05439002712f8135
DGIST 2019년 제1차 계약직원 공개채용 공고,대구경북과학기술원,대구 현풍면,,https://kr.indeed.com/%EC%B1%84%EC%9A%A9%EB%B3%B4%EA%B8%B0?jk=4cd34228af5013fd
2015년도 하반기 국립기상과학원 연구원(기간제근로자) (마감: 2015.11.27.),기상청,대한민국,,https://kr.indeed.com/%EC%B1%84%EC%9A%A9%EB%B3%B4%EA%B8%B0?jk=bab439fda7a47f48
[S/W] Speech Recognition & Synthesis Engineer,현대자동차그룹,대한민국,,https://kr.indeed.com/%EC%B1%84%EC%9A%A9%EB%B3%B4%EA%B8%B0?jk=fb21ea899c7580fe
CG Artist,LOCUS,대한민국,,https://kr.indeed.com/%EC%B1%84%EC%9A%A9%EB%B3%B4%EA%B8%B0?jk=94064c6864564f7b
기후 분석&모델링연구실 시간제연구원,광주과학기술원,광주 북구,,https://kr.indeed.com/%EC%B1%84%EC%9A%A9%EB%B3%B4%EA%B8%B0?jk=78d1ec77f4a5e0dc
Android Developer,Bepro Company,서울,"연봉 40,000,000원 - 80,000,000원",https://kr.indeed.com/%EC%B1%84%EC%9A%A9%EB%B3%B4%EA%B8%B0?jk=c6bf8184940d37c3
"Director, Software Engineering (Coupang Eats)",Coupang,서울,,https://kr.indeed.com/%EC%B1%84%EC%9A%A9%EB%B3%B4%EA%B8%B0?jk=a6a4b500fa0340d4
Business Analyst (Search and Discovery Analytics),Coupang,서울,,https://kr.indeed.com/%EC%B1%84%EC%9A%A9%EB%B3%B4%EA%B8%B0?jk=8d0b3a79363b5a69
블록체인인터넷경제 연구센터 위촉연구원,광주과학기술원,광주 북구,,https://kr.indeed.com/%EC%B1%84%EC%9A%A9%EB%B3%B4%EA%B8%B0?jk=77d8e0149dad533b
AI개발팀장 (차장),국내 유명 에듀테크 상장기업,서울 강남구,"연봉 69,000,000원 - 74,000,000원",https://kr.indeed.com/%EC%B1%84%EC%9A%A9%EB%B3%B4%EA%B8%B0?jk=ea2fd15223d9f3f7
TA,제이씨이,성남 분당구,,https://kr.indeed.com/%EC%B1%84%EC%9A%A9%EB%B3%B4%EA%B8%B0?jk=8eca56448e2574c8
Business Analyst (CRM),Coupang,서울,,https://kr.indeed.com/%EC%B1%84%EC%9A%A9%EB%B3%B4%EA%B8%B0?jk=e36af236652e8e9d
Junior Full-Stack Developer,Asiance,서울,,https://kr.indeed.com/%EC%B1%84%EC%9A%A9%EB%B3%B4%EA%B8%B0?jk=7268328c0d71d81c
인간중심 지능형 시스템 연구실 위촉연구원,광주과학기술원,광주 북구,,https://kr.indeed.com/%EC%B1%84%EC%9A%A9%EB%B3%B4%EA%B8%B0?jk=2485e93043545d8a
Frontend Developer (Javascript/React),Bepro Company,서울,"연봉 30,000,000원 - 80,000,000원",https://kr.indeed.com/%EC%B1%84%EC%9A%A9%EB%B3%B4%EA%B8%B0?jk=d11342cfe074df78
2014년도 국립기상연구소 연구원(기간제근로자) 특별 (기상기후 빅데이터 분석),기상청,대한민국,,https://kr.indeed.com/%EC%B1%84%EC%9A%A9%EB%B3%B4%EA%B8%B0?jk=0b7a2b9495b3830b
2014년도 국립기상연구소 상반기 연구원(기간제근로자),기상청,대한민국,,https://kr.indeed.com/%EC%B1%84%EC%9A%A9%EB%B3%B4%EA%B8%B0?jk=4972bb33a0811170
글로벌 소비재기업 APAC담당 Sr. Enterprise Architect (7~12년차)포지션 ASAP,글로벌 소비재기업 APAC 소속,서울,"연봉 80,000,000원 - 150,000,000원",https://kr.indeed.com/%EC%B1%84%EC%9A%A9%EB%B3%B4%EA%B8%B0?jk=8405cf7fad057a1a
"Principal, Strategic Planning",Coupang,서울,,https://kr.indeed.com/%EC%B1%84%EC%9A%A9%EB%B3%B4%EA%B8%B0?jk=8b29e16a2f9665f2
[지능시스템연구소]인턴모집,성균관대학교,서울,,https://kr.indeed.com/%EC%B1%84%EC%9A%A9%EB%B3%B4%EA%B8%B0?jk=8a38aa53b2c9c3eb
"[정규직]개발자(수집시스템개발, 카피킬러서비스운영)채용",㈜무하유는,대한민국,,https://kr.indeed.com/%EC%B1%84%EC%9A%A9%EB%B3%B4%EA%B8%B0?jk=37aebf847064b980
Backend Developer,Success Korea,대한민국,,https://kr.indeed.com/%EC%B1%84%EC%9A%A9%EB%B3%B4%EA%B8%B0?jk=3383326062c40ec2
'20년 AMOREPACIFIC 경력채용_플랫폼 Back-end 개발,아모레퍼시픽,서울,,https://kr.indeed.com/%EC%B1%84%EC%9A%A9%EB%B3%B4%EA%B8%B0?jk=cf3afa07c2cd21fc
Software Engineer - Seoul,"Moloco, Inc.",서울,,https://kr.indeed.com/%EC%B1%84%EC%9A%A9%EB%B3%B4%EA%B8%B0?jk=4206cd042c6633c1
Senior Business Analysis (Strategic Planning),Coupang,서울,,https://kr.indeed.com/%EC%B1%84%EC%9A%A9%EB%B3%B4%EA%B8%B0?jk=5f3b7800e776da58
Software Engineer - Real-time Chat Platform,Sendbird,서울,,https://kr.indeed.com/%EC%B1%84%EC%9A%A9%EB%B3%B4%EA%B8%B0?jk=701b04f0ab18c3d0
iOS Developer,Bepro Company,서울,"연봉 40,000,000원 - 80,000,000원",https://kr.indeed.com/%EC%B1%84%EC%9A%A9%EB%B3%B4%EA%B8%B0?jk=297e6568c740f98e
Technical Writer,Sendbird,서울,,https://kr.indeed.com/%EC%B1%84%EC%9A%A9%EB%B3%B4%EA%B8%B0?jk=e5c63f4e86ceefda
2016년도 상반기 국립기상과학원 기간제근로자(소프트웨어기사),기상청,대한민국,,https://kr.indeed.com/%EC%B1%84%EC%9A%A9%EB%B3%B4%EA%B8%B0?jk=d760522e2b9e8e15
성균융합원행정실(글로벌융합학부) 촉탁직원(연구원) 채용,성균관대학교,서울,,https://kr.indeed.com/%EC%B1%84%EC%9A%A9%EB%B3%B4%EA%B8%B0?jk=9072c5e755360b5c
지스트 블록체인경제센터 계약직연구원,광주과학기술원,광주 북구,,https://kr.indeed.com/%EC%B1%84%EC%9A%A9%EB%B3%B4%EA%B8%B0?jk=a7c68eba65a950aa
[S/W] Software Engineer for Mobility,현대자동차그룹,대한민국,,https://kr.indeed.com/%EC%B1%84%EC%9A%A9%EB%B3%B4%EA%B8%B0?jk=f424a57a83e53831
지스트 블록체인경제센터(강남소재) 계약직연구원,광주과학기술원,광주 북구,,https://kr.indeed.com/%EC%B1%84%EC%9A%A9%EB%B3%B4%EA%B8%B0?jk=794e209e405f4fc0
[수시] ZUM 데이터 엔지니어 (경력),zum,서울 서초구,,https://kr.indeed.com/%EC%B1%84%EC%9A%A9%EB%B3%B4%EA%B8%B0?jk=0b06569e20a009f7
글로벌 메이저 소비재 기업 Server Technician (7~12년차) 포지션 ASAP,글로벌 메이저 소비재 기업,서울 강남구,"연봉 60,000,000원 - 85,000,000원",https://kr.indeed.com/%EC%B1%84%EC%9A%A9%EB%B3%B4%EA%B8%B0?jk=3ecc0d5295f6a3ec
Jr. Backend Developer,Delivery Tech Hero,서울,,https://kr.indeed.com/%EC%B1%84%EC%9A%A9%EB%B3%B4%EA%B8%B0?jk=d6c27e2108eafb61
Data Scientist(SCM S&OP),Coupang,서울,,https://kr.indeed.com/%EC%B1%84%EC%9A%A9%EB%B3%B4%EA%B8%B0?jk=1c90165f772bc595
전기전자컴퓨터공학부(바이오컴퓨팅연구실) 위촉연구원,광주과학기술원,광주 북구,,https://kr.indeed.com/%EC%B1%84%EC%9A%A9%EB%B3%B4%EA%B8%B0?jk=98c2229e57d4ee1f
효성첨단소재(주) 타이어보강재PU 빅데이터 분석 경력사원,효성첨단소재,대한민국,,https://kr.indeed.com/%EC%B1%84%EC%9A%A9%EB%B3%B4%EA%B8%B0?jk=3b0e3b290f637baf
[S/W] AI Platform Engineer,현대자동차그룹,대한민국,,https://kr.indeed.com/%EC%B1%84%EC%9A%A9%EB%B3%B4%EA%B8%B0?jk=03afc264de494fa3
"Principal, Quantitative UX Researcher (UX Research)",Coupang,서울,,https://kr.indeed.com/%EC%B1%84%EC%9A%A9%EB%B3%B4%EA%B8%B0?jk=c27d03dfa899ae11
2016년도 국립기상과학원 1분기 연구원(기간제근로자),기상청,대한민국,,https://kr.indeed.com/%EC%B1%84%EC%9A%A9%EB%B3%B4%EA%B8%B0?jk=97ec7061b7de4c5a
지스트 블록체인경제센터(강남소재) 계약직(연구원),광주과학기술원,광주 북구,,https://kr.indeed.com/%EC%B1%84%EC%9A%A9%EB%B3%B4%EA%B8%B0?jk=674370fd38bce0dd
DGIST 제2차 계약직 연구원 채용공고,대구경북과학기술원,대구 현풍면,,https://kr.indeed.com/%EC%B1%84%EC%9A%A9%EB%B3%B4%EA%B8%B0?jk=2cfd15907402c5cc
SOFTWARE ENGINEER - BACKEND,"ODK Media, Inc.",서울 강남구,,https://kr.indeed.com/%EC%B1%84%EC%9A%A9%EB%B3%B4%EA%B8%B0?jk=6e4170888fdd92a5
주니어 데이터 사이언티스트 / Junior Data Scientist,Bagelcode,서울,,https://kr.indeed.com/%EC%B1%84%EC%9A%A9%EB%B3%B4%EA%B8%B0?jk=81848f01b547f90b
"Principal, Data Analyst (FC & Transportation)",Coupang,서울,,https://kr.indeed.com/%EC%B1%84%EC%9A%A9%EB%B3%B4%EA%B8%B0?jk=872e4ef109d7872a
Developer Advocate,Sendbird,서울,,https://kr.indeed.com/%EC%B1%84%EC%9A%A9%EB%B3%B4%EA%B8%B0?jk=dc821489255954fd
[수시] ESTsecurity 서버/백엔드 개발 (경력),ESTsecurity,서울 서초구,,https://kr.indeed.com/%EC%B1%84%EC%9A%A9%EB%B3%B4%EA%B8%B0?jk=a22d7b630bff33ea
"Principal, Business Analysis (eCommerce Finance)",Coupang,서울,,https://kr.indeed.com/%EC%B1%84%EC%9A%A9%EB%B3%B4%EA%B8%B0?jk=1ea7188c1b87f679
DGIST HumanLAB(인간중심지능형시스템연구실) 연수연구원 채용 공고,대구경북과학기술원,대구 현풍면,,https://kr.indeed.com/%EC%B1%84%EC%9A%A9%EB%B3%B4%EA%B8%B0?jk=54ce47c4db974112
2017년도 전문연구요원(병역특례) 채용 공고,대구경북과학기술원,대구 현풍면,,https://kr.indeed.com/%EC%B1%84%EC%9A%A9%EB%B3%B4%EA%B8%B0?jk=0e49a0c61f1cb01b
2018년도 전문연구요원 채용 공고,대구경북과학기술원,대구 현풍면,,https://kr.indeed.com/%EC%B1%84%EC%9A%A9%EB%B3%B4%EA%B8%B0?jk=b247877d14b77450
FX,Mofac,서울 서초구,,https://kr.indeed.com/%EC%B1%84%EC%9A%A9%EB%B3%B4%EA%B8%B0?jk=9214061c8bc345b2
DGIST-ETH 마이크로로봇연구센터 계약직 직원 공개 초빙 공고,대구경북과학기술원,대구 현풍면,,https://kr.indeed.com/%EC%B1%84%EC%9A%A9%EB%B3%B4%EA%B8%B0?jk=c9c0370fa9baf512
데이터 분석가 / Business Analyst,Bagelcode,서울,,https://kr.indeed.com/%EC%B1%84%EC%9A%A9%EB%B3%B4%EA%B8%B0?jk=f10477b81840d778
Surfacing,Mofac,서울 서초구,,https://kr.indeed.com/%EC%B1%84%EC%9A%A9%EB%B3%B4%EA%B8%B0?jk=2e7b4cdaddc82b04
"Principal, Data Engineer (EDW Data Processing)",Coupang,서울,,https://kr.indeed.com/%EC%B1%84%EC%9A%A9%EB%B3%B4%EA%B8%B0?jk=f79f6cd3e91fcc1a
Pipeline TD,Mofac,서울 서초구,,https://kr.indeed.com/%EC%B1%84%EC%9A%A9%EB%B3%B4%EA%B8%B0?jk=1d98c46b4900b7e6
DGIST-ETH 마이크로로봇연구센터 계약직 직원(Post-doc) 공개 초빙 공고,대구경북과학기술원,대구 현풍면,,https://kr.indeed.com/%EC%B1%84%EC%9A%A9%EB%B3%B4%EA%B8%B0?jk=62188527e0229352
DGIST 계약직 연구원 및 일반직원 초빙 공고,대구경북과학기술원,대구 현풍면,,https://kr.indeed.com/%EC%B1%84%EC%9A%A9%EB%B3%B4%EA%B8%B0?jk=65da831cb9d5a6b5
"로봇관련, R&D_로봇 Skill 개발",4차산업 공장 자동화 기기 및 소프트웨어,경기도 수원,,https://kr.indeed.com/%EC%B1%84%EC%9A%A9%EB%B3%B4%EA%B8%B0?jk=50d0ae3f24a94532
Data Analyst,"Miso, inc",서울,,https://kr.indeed.com/%EC%B1%84%EC%9A%A9%EB%B3%B4%EA%B8%B0?jk=4a94f2401f999ab6
"Principal, Data Engineer (Pricing Tech)",Coupang,서울,,https://kr.indeed.com/%EC%B1%84%EC%9A%A9%EB%B3%B4%EA%B8%B0?jk=ed3686b9c2eea9ad
데이터 엔지니어,에이치알 코리아,대한민국,,https://kr.indeed.com/%EC%B1%84%EC%9A%A9%EB%B3%B4%EA%B8%B0?jk=04f3458db4cc1f14
"Principal, Business Analysis (Coupang Eats)",Coupang,서울,,https://kr.indeed.com/%EC%B1%84%EC%9A%A9%EB%B3%B4%EA%B8%B0?jk=2cca42ee0951d4be
Data Analyst (대리-차장),국내 대기업,서울,,https://kr.indeed.com/%EC%B1%84%EC%9A%A9%EB%B3%B4%EA%B8%B0?jk=373df7f9af58b598
디지털 트윈 / Web-XR 개발 (SW),클레이웍스(주),서울 충무로역,,https://kr.indeed.com/%EC%B1%84%EC%9A%A9%EB%B3%B4%EA%B8%B0?jk=0056aa891a04f264
DGIST 동반진단의료기술융합연구실 계약직 연구원 채용 공고,대구경북과학기술원,대구 현풍면,,https://kr.indeed.com/%EC%B1%84%EC%9A%A9%EB%B3%B4%EA%B8%B0?jk=db55ee61f98e6816
TD (Pipeline Developer),Calm Island,서울,,https://kr.indeed.com/%EC%B1%84%EC%9A%A9%EB%B3%B4%EA%B8%B0?jk=b346d97741fd59f0
"Principal, Data Engineer (Pricing Competitor Intelligence)",Coupang,서울,,https://kr.indeed.com/%EC%B1%84%EC%9A%A9%EB%B3%B4%EA%B8%B0?jk=c16d65e660e7e744
Site Engineer (Seoul),Motion2AI,서울,,https://kr.indeed.com/%EC%B1%84%EC%9A%A9%EB%B3%B4%EA%B8%B0?jk=8da5c72baf146123
Customer Facing Data Scientist,Ever Better Recruitment (EBR),서울,,https://kr.indeed.com/%EC%B1%84%EC%9A%A9%EB%B3%B4%EA%B8%B0?jk=b06176c3a7092e0a
저축은행 앱마케팅팀 데이터분석,국내자본 저축은행,서울 구로구,,https://kr.indeed.com/%EC%B1%84%EC%9A%A9%EB%B3%B4%EA%B8%B0?jk=0ab285258b1cb206
DGIST 동반진단의료기술융합연구실 계약직 연구원 공개 초빙 공고,대구경북과학기술원,대구 현풍면,,https://kr.indeed.com/%EC%B1%84%EC%9A%A9%EB%B3%B4%EA%B8%B0?jk=5054923f264e5eb3
2017년도 제3차 계약직 연구원 공개채용 공고,대구경북과학기술원,대구 현풍면,,https://kr.indeed.com/%EC%B1%84%EC%9A%A9%EB%B3%B4%EA%B8%B0?jk=9ad46a78c31b7eaf
DGIST 동반진단의료기술융합연구실 계약직 연구원 공개 채용 공고,대구경북과학기술원,대구 현풍면,,https://kr.indeed.com/%EC%B1%84%EC%9A%A9%EB%B3%B4%EA%B8%B0?jk=1548f8b2dc2157f6
DGIST-ETH 마이크로로봇연구센터 계약직 연구원 공개 초빙 공고,대구경북과학기술원,대구 현풍면,,https://kr.indeed.com/%EC%B1%84%EC%9A%A9%EB%B3%B4%EA%B8%B0?jk=333bc9c65baecedf
"Senior, Software Engineer (Search Quality Assurance)",Coupang,서울,,https://kr.indeed.com/%EC%B1%84%EC%9A%A9%EB%B3%B4%EA%B8%B0?jk=7a08f5e589b10a00
저축은행 소비자금융 Data Science 팀,국내자본 저축은행,서울 구로구,,https://kr.indeed.com/%EC%B1%84%EC%9A%A9%EB%B3%B4%EA%B8%B0?jk=cdf617324298bb9d
"Principal, Supply Chain Management(Inventory Planning Control)",Coupang,서울,,https://kr.indeed.com/%EC%B1%84%EC%9A%A9%EB%B3%B4%EA%B8%B0?jk=576ead69fc50c3e5
Solution Architect,Kinaxis,서울,,https://kr.indeed.com/%EC%B1%84%EC%9A%A9%EB%B3%B4%EA%B8%B0?jk=606646e13ad5c569
Frontend/Backend 개발(Full Stack),Xinapse,서울 강남구,,https://kr.indeed.com/%EC%B1%84%EC%9A%A9%EB%B3%B4%EA%B8%B0?jk=1eba3075433f76da
DGIST 미래자동차융합연구센터 계약직 연구원 공개 초빙 공고,대구경북과학기술원,대구 현풍면,,https://kr.indeed.com/%EC%B1%84%EC%9A%A9%EB%B3%B4%EA%B8%B0?jk=219838df8fbffb31
"Principal, SaaS Application Engineer (Corporate IT Applications)",Coupang,서울,,https://kr.indeed.com/%EC%B1%84%EC%9A%A9%EB%B3%B4%EA%B8%B0?jk=8c8b1c8fee606a46
게임밸런스 (게임 시뮬레이터),Success Korea,성남 분당구,,https://kr.indeed.com/%EC%B1%84%EC%9A%A9%EB%B3%B4%EA%B8%B0?jk=9681ee519a4f870e
Junior and/or Senior Engineers for MySQLDatabase Services,Success Korea,서울,,https://kr.indeed.com/%EC%B1%84%EC%9A%A9%EB%B3%B4%EA%B8%B0?jk=882ce3f45214f1b1
Sydney Based Cloud Support Engineer,Success Korea,대한민국,,https://kr.indeed.com/%EC%B1%84%EC%9A%A9%EB%B3%B4%EA%B8%B0?jk=449c79ff66c3925c
저축은행 디지털 LAB,국내자본 저축은행,서울 구로구,,https://kr.indeed.com/%EC%B1%84%EC%9A%A9%EB%B3%B4%EA%B8%B0?jk=3ca47f227f783ee5
Junior and/or Senior S/W Engineers for Cassandra NoSQL Services,Success Korea,서울,,https://kr.indeed.com/%EC%B1%84%EC%9A%A9%EB%B3%B4%EA%B8%B0?jk=c495ae06620d2544
빅데이터 분석/활용(과~차장),Success Korea,서울,,https://kr.indeed.com/%EC%B1%84%EC%9A%A9%EB%B3%B4%EA%B8%B0?jk=2dc48511f09843fa
"Principal, Back-end Engineer (Seller Portal)",Coupang,서울,,https://kr.indeed.com/%EC%B1%84%EC%9A%A9%EB%B3%B4%EA%B8%B0?jk=dbe0f6f7da20d201
DGIST 고신뢰CPS연구센터 제1차 계약직 연구원 채용 공고,대구경북과학기술원,대구 현풍면,,https://kr.indeed.com/%EC%B1%84%EC%9A%A9%EB%B3%B4%EA%B8%B0?jk=1b68c0bd75dbe08d
Data Scientist,해외송금 전문업체,서울 강남구,,https://kr.indeed.com/%EC%B1%84%EC%9A%A9%EB%B3%B4%EA%B8%B0?jk=e8d1c3f88e0b200b
Sales Engineer (APAC),Sendbird,서울,,https://kr.indeed.com/%EC%B1%84%EC%9A%A9%EB%B3%B4%EA%B8%B0?jk=e38f22d6852a857a
게임 딥러닝 AI 개발,Success Korea,성남 분당구,,https://kr.indeed.com/%EC%B1%84%EC%9A%A9%EB%B3%B4%EA%B8%B0?jk=a6df161cf8e96140
"Imaging Scientist, Technology Development Center Korea",Success Korea,경기도 화성,,https://kr.indeed.com/%EC%B1%84%EC%9A%A9%EB%B3%B4%EA%B8%B0?jk=dd525f7585490793
Database Engineer (Storage Platform),Coupang,서울,,https://kr.indeed.com/%EC%B1%84%EC%9A%A9%EB%B3%B4%EA%B8%B0?jk=94f2bbbeb53f3458
ICT 서비스본부 디지털LAB,국내자본 저축은행,서울 구로구,,https://kr.indeed.com/%EC%B1%84%EC%9A%A9%EB%B3%B4%EA%B8%B0?jk=e0751dcb592aa9cc
저축은행 소비자금융 Data Science,국내자본 저축은행,서울 구로구,,https://kr.indeed.com/%EC%B1%84%EC%9A%A9%EB%B3%B4%EA%B8%B0?jk=9cd311595b3e4bea
저축은행 디지털뱅킹팀 데이터분석 경력,국내자본 저축은행,서울 구로구,,https://kr.indeed.com/%EC%B1%84%EC%9A%A9%EB%B3%B4%EA%B8%B0?jk=53ced11b1e0addce
저축은행 다이랙트마케팅팀 데이터분석,국내자본 저축은행,서울 구로구,,https://kr.indeed.com/%EC%B1%84%EC%9A%A9%EB%B3%B4%EA%B8%B0?jk=79da9b878d3d8709
TEST IT,Success Korea,인천 부평구,,https://kr.indeed.com/%EC%B1%84%EC%9A%A9%EB%B3%B4%EA%B8%B0?jk=e51c8736967894d3
Sr. Database Engineer (FinTech Platform),Coupang,서울,,https://kr.indeed.com/%EC%B1%84%EC%9A%A9%EB%B3%B4%EA%B8%B0?jk=df55d488077e61e3
디지털LAB 신기술파트,국내자본 저축은행,서울 구로구,,https://kr.indeed.com/%EC%B1%84%EC%9A%A9%EB%B3%B4%EA%B8%B0?jk=d24428ed26f0b058
Full Stack Web Developer,Calm Island,서울,,https://kr.indeed.com/%EC%B1%84%EC%9A%A9%EB%B3%B4%EA%B8%B0?jk=07f8d03ffb9ed028
Software Engineer - Back-end Web,Sendbird,서울,,https://kr.indeed.com/%EC%B1%84%EC%9A%A9%EB%B3%B4%EA%B8%B0?jk=615168b399422305
Back-end Developer,"Miso, inc",서울,,https://kr.indeed.com/%EC%B1%84%EC%9A%A9%EB%B3%B4%EA%B8%B0?jk=80d3108dade97b0f
DGIST 미래자동차융합연구센터 계약직 연구원 및 연수연구원 공개 초빙 공고,대구경북과학기술원,대구 현풍면,,https://kr.indeed.com/%EC%B1%84%EC%9A%A9%EB%B3%B4%EA%B8%B0?jk=74cf47be676133ff
Junior and/or Senior S/W Engineers for Hadoop and HIVE,Success Korea,서울,,https://kr.indeed.com/%EC%B1%84%EC%9A%A9%EB%B3%B4%EA%B8%B0?jk=98ce457f0c17a02e
통계 분석 전문가,Success Korea,서울 강서구,,https://kr.indeed.com/%EC%B1%84%EC%9A%A9%EB%B3%B4%EA%B8%B0?jk=04ecc7af1c61ab5a
VP of Engineering,"Miso, inc",서울,,https://kr.indeed.com/%EC%B1%84%EC%9A%A9%EB%B3%B4%EA%B8%B0?jk=f5db97b4d95cbc04
Sr. Back-end Engineer (Query Understanding),Coupang,서울,,https://kr.indeed.com/%EC%B1%84%EC%9A%A9%EB%B3%B4%EA%B8%B0?jk=0df2999925f12355
Senior Business Analyst (Retail Program Management),Coupang,서울,,https://kr.indeed.com/%EC%B1%84%EC%9A%A9%EB%B3%B4%EA%B8%B0?jk=7772fd53bc80acde
DGIST 미래자동차융합연구센터 계약직 연구원 및 박사후연수연구원 공개 초빙 공고,대구경북과학기술원,대구 현풍면,,https://kr.indeed.com/%EC%B1%84%EC%9A%A9%EB%B3%B4%EA%B8%B0?jk=2459b164bb22d0f4
시스템 프로그래머,에너지 거래소 및 에너지데이터 중개,서울,,https://kr.indeed.com/%EC%B1%84%EC%9A%A9%EB%B3%B4%EA%B8%B0?jk=33fbfcd01ae23602
"Software Engineering Manager, Server",Sendbird,서울,,https://kr.indeed.com/%EC%B1%84%EC%9A%A9%EB%B3%B4%EA%B8%B0?jk=677bb425dc2caf7e
Cloud Security Engineer,Sendbird,서울,,https://kr.indeed.com/%EC%B1%84%EC%9A%A9%EB%B3%B4%EA%B8%B0?jk=9a44a1a18ab4635c
Cloud Infrastructure (DevOps) Engineer,Sendbird,서울,,https://kr.indeed.com/%EC%B1%84%EC%9A%A9%EB%B3%B4%EA%B8%B0?jk=2d7b16bcf6fa8c8f
Front-end Developer,"Miso, inc",서울,,https://kr.indeed.com/%EC%B1%84%EC%9A%A9%EB%B3%B4%EA%B8%B0?jk=9f7d7cbe5e172a01
React Native Developer,"Miso, inc",서울,,https://kr.indeed.com/%EC%B1%84%EC%9A%A9%EB%B3%B4%EA%B8%B0?jk=315c65b8337d3e7a
Full Stack Developer,"Miso, inc",서울,,https://kr.indeed.com/%EC%B1%84%EC%9A%A9%EB%B3%B4%EA%B8%B0?jk=754348a9c3f08d66
Effect Supervisor (경력 10년 이상) Effect Artist (신입),Mofac,서울 서초구,,https://kr.indeed.com/%EC%B1%84%EC%9A%A9%EB%B3%B4%EA%B8%B0?jk=0fea9598510abf0e
"음성인식 엔진개발( Kaldi, 서버 ) - 대기업",차량IT전문 대기업,서울,,https://kr.indeed.com/%EC%B1%84%EC%9A%A9%EB%B3%B4%EA%B8%B0?jk=f4bd3ebc57d8f54d
Data Scientist,에너지 거래소 및 에너지데이터 중개,서울,,https://kr.indeed.com/%EC%B1%84%EC%9A%A9%EB%B3%B4%EA%B8%B0?jk=1622a08497f8c091
저축은행 소비자금융본부 Data Science 팀,국내자본 저축은행,서울 구로구,,https://kr.indeed.com/%EC%B1%84%EC%9A%A9%EB%B3%B4%EA%B8%B0?jk=7376f377161ea4f2
저축은행 앱마케팅팀,국내자본 저축은행,서울 구로구,,https://kr.indeed.com/%EC%B1%84%EC%9A%A9%EB%B3%B4%EA%B8%B0?jk=35cefd4d91c7b366
저축은행 디지털뱅킹팀 데이터분석,국내자본 저축은행,서울 구로구,,https://kr.indeed.com/%EC%B1%84%EC%9A%A9%EB%B3%B4%EA%B8%B0?jk=51dcabafcf7a0bb0
서버개발 엔지니어(사원~대리),Success Korea,서울 가산디지털단지역,,https://kr.indeed.com/%EC%B1%84%EC%9A%A9%EB%B3%B4%EA%B8%B0?jk=a7b63456fe29200d
저축은행 디지털마케팅본부 데이터분석 경력자,국내자본 저축은행,서울 구로구,,https://kr.indeed.com/%EC%B1%84%EC%9A%A9%EB%B3%B4%EA%B8%B0?jk=074bbbc1b7c4d596
데이터 전문가,Success Korea,서울 삼성동,,https://kr.indeed.com/%EC%B1%84%EC%9A%A9%EB%B3%B4%EA%B8%B0?jk=74c4f418a78c820f
빅데이터 분석,Success Korea,서울 삼성동,,https://kr.indeed.com/%EC%B1%84%EC%9A%A9%EB%B3%B4%EA%B8%B0?jk=13513ddad0382808
Linux 서버 개발자,Success Korea,성남 판교역,,https://kr.indeed.com/%EC%B1%84%EC%9A%A9%EB%B3%B4%EA%B8%B0?jk=fe69337a085bae5b
Text 분석,Success Korea,서울,,https://kr.indeed.com/%EC%B1%84%EC%9A%A9%EB%B3%B4%EA%B8%B0?jk=60097047695d7c71
데이터분석,Success Korea,서울,,https://kr.indeed.com/%EC%B1%84%EC%9A%A9%EB%B3%B4%EA%B8%B0?jk=4552c81ebe0fc6c5
시스템 엔지니어,Success Korea,서울 삼성동,,https://kr.indeed.com/%EC%B1%84%EC%9A%A9%EB%B3%B4%EA%B8%B0?jk=516545e5882be38c
머신러닝,Success Korea,서울 선릉역,,https://kr.indeed.com/%EC%B1%84%EC%9A%A9%EB%B3%B4%EA%B8%B0?jk=5ecb57c806c47aa0
웹개발팀장,Success Korea,서울 잠실역,,https://kr.indeed.com/%EC%B1%84%EC%9A%A9%EB%B3%B4%EA%B8%B0?jk=c4e7809eb035c7ee
Analytics Engineer,Success Korea,서울 삼성동,,https://kr.indeed.com/%EC%B1%84%EC%9A%A9%EB%B3%B4%EA%B8%B0?jk=417d3e24bac85b14
테크니컬 아키텍트,Success Korea,서울,,https://kr.indeed.com/%EC%B1%84%EC%9A%A9%EB%B3%B4%EA%B8%B0?jk=bc4a0e62c7c3d510
Data engineer,Success Korea,서울 공덕동,,https://kr.indeed.com/%EC%B1%84%EC%9A%A9%EB%B3%B4%EA%B8%B0?jk=cbfaf43db43ea8f9
"금융대기업 (연구센터) NLP 경력자, 석사이상",금융대기업,서울,,https://kr.indeed.com/%EC%B1%84%EC%9A%A9%EB%B3%B4%EA%B8%B0?jk=4ce8d6cf492225ed
Platform server 개발자,Success Korea,성남 분당구,,https://kr.indeed.com/%EC%B1%84%EC%9A%A9%EB%B3%B4%EA%B8%B0?jk=3da2537c07ea7706
전자상거래 플랫폼 인프라 설계/구축/운영,Success Korea,서울,,https://kr.indeed.com/%EC%B1%84%EC%9A%A9%EB%B3%B4%EA%B8%B0?jk=9301688209a46cd7
웹개발자,Success Korea,서울 잠실역,,https://kr.indeed.com/%EC%B1%84%EC%9A%A9%EB%B3%B4%EA%B8%B0?jk=2936adf2a7318db5
서버 개발(사원~과장급),Success Korea,서울 가산디지털단지역,,https://kr.indeed.com/%EC%B1%84%EC%9A%A9%EB%B3%B4%EA%B8%B0?jk=4801b7535e8bc40d
"대기업 연구센터 IoT기술(Discrete Event System,머신러닝) 개발",대기업연구소,서울,,https://kr.indeed.com/%EC%B1%84%EC%9A%A9%EB%B3%B4%EA%B8%B0?jk=5b35f31ea016d1d3
저축은행 디지털금융본부 Data Science 팀 CSS운영 경력자,국내자본 저축은행,서울 구로구,,https://kr.indeed.com/%EC%B1%84%EC%9A%A9%EB%B3%B4%EA%B8%B0?jk=bfb3ee6d45d67013
개인화 추천서비스 개발,Success Korea,서울 삼성동,,https://kr.indeed.com/%EC%B1%84%EC%9A%A9%EB%B3%B4%EA%B8%B0?jk=18d4b759113240ca
서버 개발자,유명메신저회사,서울 강남구,,https://kr.indeed.com/%EC%B1%84%EC%9A%A9%EB%B3%B4%EA%B8%B0?jk=a9374a4682dc1b1f
전산팀 개발 담당,Success Korea,서울 역삼동,,https://kr.indeed.com/%EC%B1%84%EC%9A%A9%EB%B3%B4%EA%B8%B0?jk=2d6e7d69a6ba52d6
보안 개발전문가,Success Korea,서울 삼성동,,https://kr.indeed.com/%EC%B1%84%EC%9A%A9%EB%B3%B4%EA%B8%B0?jk=dcc2877b33c5b511
빅데이터 전략/마케팅 (과~차장),Success Korea,서울 중구,,https://kr.indeed.com/%EC%B1%84%EC%9A%A9%EB%B3%B4%EA%B8%B0?jk=c81984fb6cd9a0c6
빌링서버 개발자,Success Korea,서울,,https://kr.indeed.com/%EC%B1%84%EC%9A%A9%EB%B3%B4%EA%B8%B0?jk=d9f1c1b5579f37c4
머신러닝 개발자,Success Korea,서울,,https://kr.indeed.com/%EC%B1%84%EC%9A%A9%EB%B3%B4%EA%B8%B0?jk=2900b41c0b091e46
Fullstack SW개발자,신재생에너지 분야 솔루션기업,성남 판교역,,https://kr.indeed.com/%EC%B1%84%EC%9A%A9%EB%B3%B4%EA%B8%B0?jk=a2089ff8a19a429f
빅데이터 플랫폼 운영 및 분석구현,Success Korea,서울,,https://kr.indeed.com/%EC%B1%84%EC%9A%A9%EB%B3%B4%EA%B8%B0?jk=89d3bffd37a2487a
보안개발자(ASAP),Success Korea,서울 삼성동,,https://kr.indeed.com/%EC%B1%84%EC%9A%A9%EB%B3%B4%EA%B8%B0?jk=a979e53aa387868c
서비스 개발 및 관리,Success Korea,서울,,https://kr.indeed.com/%EC%B1%84%EC%9A%A9%EB%B3%B4%EA%B8%B0?jk=bbf36187bf5002f0
Full Stack engineer,Success Korea,서울 공덕동,,https://kr.indeed.com/%EC%B1%84%EC%9A%A9%EB%B3%B4%EA%B8%B0?jk=f9ba0aceb3ab191b
영상보안 Application 개발 및 수행,Success Korea,서울 중구,,https://kr.indeed.com/%EC%B1%84%EC%9A%A9%EB%B3%B4%EA%B8%B0?jk=493a39e613f9971a
DW&BI팀 Data Architect,Success Korea,서울,,https://kr.indeed.com/%EC%B1%84%EC%9A%A9%EB%B3%B4%EA%B8%B0?jk=d04d5965fd332b3e
Web 개발,Success Korea,서울 중구,,https://kr.indeed.com/%EC%B1%84%EC%9A%A9%EB%B3%B4%EA%B8%B0?jk=c193b65defa6a4ec
DevOps 엔지니어(과장~차장급),TV홈쇼핑,성남 판교역,,https://kr.indeed.com/%EC%B1%84%EC%9A%A9%EB%B3%B4%EA%B8%B0?jk=8af16ddc1e1a33b3
SW 품질 보증 전문가,Success Korea,서울,,https://kr.indeed.com/%EC%B1%84%EC%9A%A9%EB%B3%B4%EA%B8%B0?jk=8461bfe74b0948cf
Security Developer,Success Korea,서울 삼성동,,https://kr.indeed.com/%EC%B1%84%EC%9A%A9%EB%B3%B4%EA%B8%B0?jk=ba3e218f3dfb8be7
Technical Artist,Success Korea,서울 강남구,,https://kr.indeed.com/%EC%B1%84%EC%9A%A9%EB%B3%B4%EA%B8%B0?jk=220551aa57f5eed8
Operations Associate (운영팀원) - 한국,Beam,서울,,https://kr.indeed.com/%EC%B1%84%EC%9A%A9%EB%B3%B4%EA%B8%B0?jk=e58c6fe6fd87f03e
디지털마케팅본부 수신상품 기획 및 전략수립 경력자,국내자본 저축은행,서울,,https://kr.indeed.com/%EC%B1%84%EC%9A%A9%EB%B3%B4%EA%B8%B0?jk=509e7ab10e54f962
Server Developer(PHP),Success Korea,서울,,https://kr.indeed.com/%EC%B1%84%EC%9A%A9%EB%B3%B4%EA%B8%B0?jk=c8869aca354714a1
운영(Business Operation Management) 경력자,유명메신저회사,서울 성동구,,https://kr.indeed.com/%EC%B1%84%EC%9A%A9%EB%B3%B4%EA%B8%B0?jk=caccb1d9be6bc918
SW개발 매니저,Success Korea,서울 삼성동,,https://kr.indeed.com/%EC%B1%84%EC%9A%A9%EB%B3%B4%EA%B8%B0?jk=a758b91ea2f0dd2b
SW 개발,Success Korea,서울 신논현역,,https://kr.indeed.com/%EC%B1%84%EC%9A%A9%EB%B3%B4%EA%B8%B0?jk=6561c937add50cc4
SW개발(3명),Success Korea,서울 삼성동,,https://kr.indeed.com/%EC%B1%84%EC%9A%A9%EB%B3%B4%EA%B8%B0?jk=989584aa51f96aa1
cloud/saas개발,Success Korea,서울,,https://kr.indeed.com/%EC%B1%84%EC%9A%A9%EB%B3%B4%EA%B8%B0?jk=6373005ce9ee17b0
Cloud System Engineer,Success Korea,서울,,https://kr.indeed.com/%EC%B1%84%EC%9A%A9%EB%B3%B4%EA%B8%B0?jk=3d594f8990d3a797
DevOps Developer(Cloud),Success Korea,서울 논현동,,https://kr.indeed.com/%EC%B1%84%EC%9A%A9%EB%B3%B4%EA%B8%B0?jk=4e0b7f602fa05487
Microsoft 기술지원(Azure),Success Korea,서울 논현동,,https://kr.indeed.com/%EC%B1%84%EC%9A%A9%EB%B3%B4%EA%B8%B0?jk=5620b1845a6fad85
SW Architect,Success Korea,서울 신논현역,,https://kr.indeed.com/%EC%B1%84%EC%9A%A9%EB%B3%B4%EA%B8%B0?jk=806b07d4b07e4c47
Operations Manager (운영팀장) - 한국,Beam,서울,,https://kr.indeed.com/%EC%B1%84%EC%9A%A9%EB%B3%B4%EA%B8%B0?jk=43bf0c7e2b10e9b5
